n,id,file,section,group,fa,prompt
"1","haircut","haircut.png","A","hair","کوتاهی مو","Same mascot as the reference image, identical design, colors and line style: chubby cream-white creature, orange curly hair with a heart-shaped curl on top, big glossy dark eyes, rose-pink cheeks, pink apron, makeup brush behind the ear.

Scene: Half-body, proud little grin. It holds a pair of big silver scissors with red-coral handles in one hand and snips a single lock of its own orange curl, which falls in a small arc. Three tiny orange hair clippings and one yellow sparkle float around the scissors.

Square 1:1 image, the character centered and filling about 80% of the frame with even empty margin on all sides. One clear pose and at most one or two props, with a bold simple silhouette that stays readable at 48×48 pixels.

Flat vector sticker style, clean dark outline of uniform weight, soft cel-shading.

Pure plain white background. No text, letters, numbers or logos anywhere. No purple, violet, lavender or lilac anywhere. No frame, border, badge, circle or colored backdrop behind the character, and no shadow on the ground."
"2","hair_color","hair_color.png","A","hair","رنگ مو","Same mascot as the reference image, identical design, colors and line style: chubby cream-white creature, orange curly hair with a heart-shaped curl on top, big glossy dark eyes, rose-pink cheeks, pink apron, makeup brush behind the ear.

Scene: Half-body, concentrated happy face with the tongue tip slightly out. One hand holds a round teal tint bowl full of glossy orange dye, the other a wide flat tint brush loaded with dye; a fresh orange-to-pink stripe is painted on one of its curls. A couple of dye drops fall into the bowl.

Square 1:1 image, the character centered and filling about 80% of the frame with even empty margin on all sides. One clear pose and at most one or two props, with a bold simple silhouette that stays readable at 48×48 pixels.

Flat vector sticker style, clean dark outline of uniform weight, soft cel-shading.

Pure plain white background. No text, letters, numbers or logos anywhere. No purple, violet, lavender or lilac anywhere. No frame, border, badge, circle or colored backdrop behind the character, and no shadow on the ground."
"3","highlights","highlights.png","A","hair","لایت و هایلایت","Same mascot as the reference image, identical design, colors and line style: chubby cream-white creature, orange curly hair with a heart-shaped curl on top, big glossy dark eyes, rose-pink cheeks, pink apron, makeup brush behind the ear.

Scene: Half-body, confident wink. Its curl has bright golden-blonde streaks that glow; one hand holds a silver foil strip wrapped around a streak, the other a small tint brush. Three yellow sparkles shine on the streaks.

Square 1:1 image, the character centered and filling about 80% of the frame with even empty margin on all sides. One clear pose and at most one or two props, with a bold simple silhouette that stays readable at 48×48 pixels.

Flat vector sticker style, clean dark outline of uniform weight, soft cel-shading.

Pure plain white background. No text, letters, numbers or logos anywhere. No purple, violet, lavender or lilac anywhere. No frame, border, badge, circle or colored backdrop behind the character, and no shadow on the ground."
"4","blowdry","blowdry.png","A","hair","براشینگ و سشوار","Same mascot as the reference image, identical design, colors and line style: chubby cream-white creature, orange curly hair with a heart-shaped curl on top, big glossy dark eyes, rose-pink cheeks, pink apron, makeup brush behind the ear.

Scene: Half-body, eyes squeezed happily shut, mouth open in a laugh. It holds a coral-red hair dryer with a dark-ink nozzle; a warm wind of three light-blue curved air lines makes its curls and heart-curl bounce sideways. A round brush sticks out of its apron pocket.

Square 1:1 image, the character centered and filling about 80% of the frame with even empty margin on all sides. One clear pose and at most one or two props, with a bold simple silhouette that stays readable at 48×48 pixels.

Flat vector sticker style, clean dark outline of uniform weight, soft cel-shading.

Pure plain white background. No text, letters, numbers or logos anywhere. No purple, violet, lavender or lilac anywhere. No frame, border, badge, circle or colored backdrop behind the character, and no shadow on the ground."
"5","updo","updo.png","A","hair","شینیون و مدل مو","Same mascot as the reference image, identical design, colors and line style: chubby cream-white creature, orange curly hair with a heart-shaped curl on top, big glossy dark eyes, rose-pink cheeks, pink apron, makeup brush behind the ear.

Scene: Half-body, elegant calm smile, chin slightly raised. Its curls are gathered into a neat high bun with a gold hair pin topped by a small pearl; a couple of curled strands fall by its cheeks. It holds up a second pearl pin between two fingers. Gold sparkles around the bun.

Square 1:1 image, the character centered and filling about 80% of the frame with even empty margin on all sides. One clear pose and at most one or two props, with a bold simple silhouette that stays readable at 48×48 pixels.

Flat vector sticker style, clean dark outline of uniform weight, soft cel-shading.

Pure plain white background. No text, letters, numbers or logos anywhere. No purple, violet, lavender or lilac anywhere. No frame, border, badge, circle or colored backdrop behind the character, and no shadow on the ground."
"6","hair_styling","hair_styling.png","A","hair","حالت‌دهی و فر","Same mascot as the reference image, identical design, colors and line style: chubby cream-white creature, orange curly hair with a heart-shaped curl on top, big glossy dark eyes, rose-pink cheeks, pink apron, makeup brush behind the ear.

Scene: Half-body, playful open smile. It holds a hot-pink curling iron, a long ringlet of orange hair wound round it; a perfect spiral curl bounces down. Small steam puffs and sparkles rise from the iron.

Square 1:1 image, the character centered and filling about 80% of the frame with even empty margin on all sides. One clear pose and at most one or two props, with a bold simple silhouette that stays readable at 48×48 pixels.

Flat vector sticker style, clean dark outline of uniform weight, soft cel-shading.

Pure plain white background. No text, letters, numbers or logos anywhere. No purple, violet, lavender or lilac anywhere. No frame, border, badge, circle or colored backdrop behind the character, and no shadow on the ground."
"7","keratin","keratin.png","A","hair","کراتین و احیا","Same mascot as the reference image, identical design, colors and line style: chubby cream-white creature, orange curly hair with a heart-shaped curl on top, big glossy dark eyes, rose-pink cheeks, pink apron, makeup brush behind the ear.

Scene: Half-body, blissful closed eyes. Its hair is super smooth, long and silky with big white shine streaks. It holds a small amber treatment bottle with a gold cap, a sparkling droplet above it and a tiny shield-with-a-heart badge on the bottle.

Square 1:1 image, the character centered and filling about 80% of the frame with even empty margin on all sides. One clear pose and at most one or two props, with a bold simple silhouette that stays readable at 48×48 pixels.

Flat vector sticker style, clean dark outline of uniform weight, soft cel-shading.

Pure plain white background. No text, letters, numbers or logos anywhere. No purple, violet, lavender or lilac anywhere. No frame, border, badge, circle or colored backdrop behind the character, and no shadow on the ground."
"8","hair_extension","hair_extension.png","A","hair","اکستنشن مو","Same mascot as the reference image, identical design, colors and line style: chubby cream-white creature, orange curly hair with a heart-shaped curl on top, big glossy dark eyes, rose-pink cheeks, pink apron, makeup brush behind the ear.

Scene: Half-body, surprised-delighted wide eyes. Both hands proudly hold a long glossy orange hair extension piece stretched like a ribbon, with a small clip at the top; the piece shines with a white highlight. Sparkles around.

Square 1:1 image, the character centered and filling about 80% of the frame with even empty margin on all sides. One clear pose and at most one or two props, with a bold simple silhouette that stays readable at 48×48 pixels.

Flat vector sticker style, clean dark outline of uniform weight, soft cel-shading.

Pure plain white background. No text, letters, numbers or logos anywhere. No purple, violet, lavender or lilac anywhere. No frame, border, badge, circle or colored backdrop behind the character, and no shadow on the ground."
"9","braid","braid.png","A","hair","بافت مو","Same mascot as the reference image, identical design, colors and line style: chubby cream-white creature, orange curly hair with a heart-shaped curl on top, big glossy dark eyes, rose-pink cheeks, pink apron, makeup brush behind the ear.

Scene: Half-body, focused cheerful smile. Its orange hair falls in a long thick braid over one shoulder, tied with a rose-pink ribbon bow; its hand is finishing the last cross of the braid. Two tiny flowers tucked in the braid.

Square 1:1 image, the character centered and filling about 80% of the frame with even empty margin on all sides. One clear pose and at most one or two props, with a bold simple silhouette that stays readable at 48×48 pixels.

Flat vector sticker style, clean dark outline of uniform weight, soft cel-shading.

Pure plain white background. No text, letters, numbers or logos anywhere. No purple, violet, lavender or lilac anywhere. No frame, border, badge, circle or colored backdrop behind the character, and no shadow on the ground."
"10","hair_wash","hair_wash.png","A","hair","شستشو و ماسک مو","Same mascot as the reference image, identical design, colors and line style: chubby cream-white creature, orange curly hair with a heart-shaped curl on top, big glossy dark eyes, rose-pink cheeks, pink apron, makeup brush behind the ear.

Scene: Half-body in a fluffy white bubble-foam hat made of soap bubbles on its head, eyes closed in joy. It holds a mint-green shampoo bottle with a drop on the bottle; many round soap bubbles with white glints float around.

Square 1:1 image, the character centered and filling about 80% of the frame with even empty margin on all sides. One clear pose and at most one or two props, with a bold simple silhouette that stays readable at 48×48 pixels.

Flat vector sticker style, clean dark outline of uniform weight, soft cel-shading.

Pure plain white background. No text, letters, numbers or logos anywhere. No purple, violet, lavender or lilac anywhere. No frame, border, badge, circle or colored backdrop behind the character, and no shadow on the ground."
"11","comb","comb.png","A","hair","برس و شانه","Same mascot as the reference image, identical design, colors and line style: chubby cream-white creature, orange curly hair with a heart-shaped curl on top, big glossy dark eyes, rose-pink cheeks, pink apron, makeup brush behind the ear.

Scene: Half-body, gentle happy smile, one eye winking. It combs one long orange lock with a big wide-tooth tortoise-shell comb; a smooth shine streak runs along the lock. A wooden paddle brush rests in its other hand.

Square 1:1 image, the character centered and filling about 80% of the frame with even empty margin on all sides. One clear pose and at most one or two props, with a bold simple silhouette that stays readable at 48×48 pixels.

Flat vector sticker style, clean dark outline of uniform weight, soft cel-shading.

Pure plain white background. No text, letters, numbers or logos anywhere. No purple, violet, lavender or lilac anywhere. No frame, border, badge, circle or colored backdrop behind the character, and no shadow on the ground."
"12","hair_botox","hair_botox.png","A","hair","بوتاکس مو","Same mascot as the reference image, identical design, colors and line style: chubby cream-white creature, orange curly hair with a heart-shaped curl on top, big glossy dark eyes, rose-pink cheeks, pink apron, makeup brush behind the ear.

Scene: Half-body, relaxed smile. It holds a small glass jar of creamy pearl-white treatment with a gold lid and a little spatula; above the jar a soft sparkling swirl rises and wraps into a shiny wave of hair.

Square 1:1 image, the character centered and filling about 80% of the frame with even empty margin on all sides. One clear pose and at most one or two props, with a bold simple silhouette that stays readable at 48×48 pixels.

Flat vector sticker style, clean dark outline of uniform weight, soft cel-shading.

Pure plain white background. No text, letters, numbers or logos anywhere. No purple, violet, lavender or lilac anywhere. No frame, border, badge, circle or colored backdrop behind the character, and no shadow on the ground."
"13","hair_perm","hair_perm.png","A","hair","فر دائم","Same mascot as the reference image, identical design, colors and line style: chubby cream-white creature, orange curly hair with a heart-shaped curl on top, big glossy dark eyes, rose-pink cheeks, pink apron, makeup brush behind the ear.

Scene: Half-body, wide excited eyes. Its hair is full of tight springy ringlets and three pink hair curlers are still rolled in at the top; it bounces a ringlet with one finger like a spring (boing lines). Sparkles.

Square 1:1 image, the character centered and filling about 80% of the frame with even empty margin on all sides. One clear pose and at most one or two props, with a bold simple silhouette that stays readable at 48×48 pixels.

Flat vector sticker style, clean dark outline of uniform weight, soft cel-shading.

Pure plain white background. No text, letters, numbers or logos anywhere. No purple, violet, lavender or lilac anywhere. No frame, border, badge, circle or colored backdrop behind the character, and no shadow on the ground."
"14","scalp_care","scalp_care.png","A","hair","مراقبت پوست سر","Same mascot as the reference image, identical design, colors and line style: chubby cream-white creature, orange curly hair with a heart-shaped curl on top, big glossy dark eyes, rose-pink cheeks, pink apron, makeup brush behind the ear.

Scene: Half-body, blissful closed eyes, big happy smile. Two small hands (not its own — floating cream-coloured hands with ink outline) massage its head; tiny calm sparkles and little leaf shapes around, mint-green scalp-serum dropper in front.

Square 1:1 image, the character centered and filling about 80% of the frame with even empty margin on all sides. One clear pose and at most one or two props, with a bold simple silhouette that stays readable at 48×48 pixels.

Flat vector sticker style, clean dark outline of uniform weight, soft cel-shading.

Pure plain white background. No text, letters, numbers or logos anywhere. No purple, violet, lavender or lilac anywhere. No frame, border, badge, circle or colored backdrop behind the character, and no shadow on the ground."
"15","hair_loss","hair_loss.png","A","hair","درمان ریزش مو","Same mascot as the reference image, identical design, colors and line style: chubby cream-white creature, orange curly hair with a heart-shaped curl on top, big glossy dark eyes, rose-pink cheeks, pink apron, makeup brush behind the ear.

Scene: Half-body, hopeful small smile. It holds a dropper bottle of green hair-growth serum; one bald-looking spot on its head now shows a tiny green sprout with two leaves. A small upward arrow made of sparkles.

Square 1:1 image, the character centered and filling about 80% of the frame with even empty margin on all sides. One clear pose and at most one or two props, with a bold simple silhouette that stays readable at 48×48 pixels.

Flat vector sticker style, clean dark outline of uniform weight, soft cel-shading.

Pure plain white background. No text, letters, numbers or logos anywhere. No purple, violet, lavender or lilac anywhere. No frame, border, badge, circle or colored backdrop behind the character, and no shadow on the ground."
"16","hair_transplant","hair_transplant.png","A","hair","کاشت مو","Same mascot as the reference image, identical design, colors and line style: chubby cream-white creature, orange curly hair with a heart-shaped curl on top, big glossy dark eyes, rose-pink cheeks, pink apron, makeup brush behind the ear.

Scene: Half-body, brave determined face. It holds fine tweezers carefully planting a tiny orange hair strand; a small neat row of new strands is already planted, each with a tiny sparkle. A mini dotted-line planting grid hovers on its head.

Square 1:1 image, the character centered and filling about 80% of the frame with even empty margin on all sides. One clear pose and at most one or two props, with a bold simple silhouette that stays readable at 48×48 pixels.

Flat vector sticker style, clean dark outline of uniform weight, soft cel-shading.

Pure plain white background. No text, letters, numbers or logos anywhere. No purple, violet, lavender or lilac anywhere. No frame, border, badge, circle or colored backdrop behind the character, and no shadow on the ground."
"17","kids_haircut","kids_haircut.png","A","hair","کوتاهی کودک","Same mascot as the reference image, identical design, colors and line style: chubby cream-white creature, orange curly hair with a heart-shaped curl on top, big glossy dark eyes, rose-pink cheeks, pink apron, makeup brush behind the ear.

Scene: A smaller baby-sized version of the mascot (bigger head, shorter curl) sitting on a booster seat with a yellow cape tied at the neck, giggling; a tiny comb in one hand, a lollipop in the other. Tiny clipped curl pieces fall; a balloon floats behind.

Square 1:1 image, the character centered and filling about 80% of the frame with even empty margin on all sides. One clear pose and at most one or two props, with a bold simple silhouette that stays readable at 48×48 pixels.

Flat vector sticker style, clean dark outline of uniform weight, soft cel-shading.

Pure plain white background. No text, letters, numbers or logos anywhere. No purple, violet, lavender or lilac anywhere. No frame, border, badge, circle or colored backdrop behind the character, and no shadow on the ground."
"18","root_touch","root_touch.png","A","hair","رنگ ریشه","Same mascot as the reference image, identical design, colors and line style: chubby cream-white creature, orange curly hair with a heart-shaped curl on top, big glossy dark eyes, rose-pink cheeks, pink apron, makeup brush behind the ear.

Scene: Half-body, careful concentrated face. It parts its hair with one hand showing a visible root line and with the other applies orange dye with a thin brush exactly at the base; a small tint dish with a brush rests on its shoulder. A neat, thin glow line at the roots.

Square 1:1 image, the character centered and filling about 80% of the frame with even empty margin on all sides. One clear pose and at most one or two props, with a bold simple silhouette that stays readable at 48×48 pixels.

Flat vector sticker style, clean dark outline of uniform weight, soft cel-shading.

Pure plain white background. No text, letters, numbers or logos anywhere. No purple, violet, lavender or lilac anywhere. No frame, border, badge, circle or colored backdrop behind the character, and no shadow on the ground."
"19","hair_straight","hair_straight.png","A","hair","صافی مو","Same mascot as the reference image, identical design, colors and line style: chubby cream-white creature, orange curly hair with a heart-shaped curl on top, big glossy dark eyes, rose-pink cheeks, pink apron, makeup brush behind the ear.

Scene: Half-body, satisfied smug smile. It holds a rose-gold flat iron; the half of its hair above is perfectly poker-straight and glossy, the part below still curly — proud before/after look. Shine lines and sparkles.

Square 1:1 image, the character centered and filling about 80% of the frame with even empty margin on all sides. One clear pose and at most one or two props, with a bold simple silhouette that stays readable at 48×48 pixels.

Flat vector sticker style, clean dark outline of uniform weight, soft cel-shading.

Pure plain white background. No text, letters, numbers or logos anywhere. No purple, violet, lavender or lilac anywhere. No frame, border, badge, circle or colored backdrop behind the character, and no shadow on the ground."
"20","barber","barber.png","A","men","آرایشگر مردانه","Same mascot as the reference image, identical design, colors and line style: chubby cream-white creature, orange curly hair with a heart-shaped curl on top, big glossy dark eyes, rose-pink cheeks, pink apron, makeup brush behind the ear.

Scene: Half-body, cool proud smile. It wears a striped red-white-navy barber cape collar and stands in front of a red-white-blue barber pole; one hand holds electric clippers, the other a comb. Tiny clipped hair bits and a sparkle.

Square 1:1 image, the character centered and filling about 80% of the frame with even empty margin on all sides. One clear pose and at most one or two props, with a bold simple silhouette that stays readable at 48×48 pixels.

Flat vector sticker style, clean dark outline of uniform weight, soft cel-shading.

Pure plain white background. No text, letters, numbers or logos anywhere. No purple, violet, lavender or lilac anywhere. No frame, border, badge, circle or colored backdrop behind the character, and no shadow on the ground."
"21","beard","beard.png","A","men","ریش","Same mascot as the reference image, identical design, colors and line style: chubby cream-white creature, orange curly hair with a heart-shaped curl on top, big glossy dark eyes, rose-pink cheeks, pink apron, makeup brush behind the ear.

Scene: Half-body, proud smile. It sports a big fluffy brown-copper beard shaped neatly with sharp edges, brushing it with a small beard brush; a tiny bottle of beard oil in its apron pocket. Two sparkles on the beard.

Square 1:1 image, the character centered and filling about 80% of the frame with even empty margin on all sides. One clear pose and at most one or two props, with a bold simple silhouette that stays readable at 48×48 pixels.

Flat vector sticker style, clean dark outline of uniform weight, soft cel-shading.

Pure plain white background. No text, letters, numbers or logos anywhere. No purple, violet, lavender or lilac anywhere. No frame, border, badge, circle or colored backdrop behind the character, and no shadow on the ground."
"22","razor","razor.png","A","men","اصلاح با تیغ","Same mascot as the reference image, identical design, colors and line style: chubby cream-white creature, orange curly hair with a heart-shaped curl on top, big glossy dark eyes, rose-pink cheeks, pink apron, makeup brush behind the ear.

Scene: Half-body, careful calm face. Its chin and cheeks are covered in white shaving-foam beard; it holds a classic straight razor with a wooden handle, one clean stripe already shaved through the foam. Little foam bubbles float.

Square 1:1 image, the character centered and filling about 80% of the frame with even empty margin on all sides. One clear pose and at most one or two props, with a bold simple silhouette that stays readable at 48×48 pixels.

Flat vector sticker style, clean dark outline of uniform weight, soft cel-shading.

Pure plain white background. No text, letters, numbers or logos anywhere. No purple, violet, lavender or lilac anywhere. No frame, border, badge, circle or colored backdrop behind the character, and no shadow on the ground."
"23","men_cut","men_cut.png","A","men","کوتاهی مردانه","Same mascot as the reference image, identical design, colors and line style: chubby cream-white creature, orange curly hair with a heart-shaped curl on top, big glossy dark eyes, rose-pink cheeks, pink apron, makeup brush behind the ear.

Scene: Half-body, confident wink. Its orange curls are trimmed into a clean sharp fade with a short quiff and the heart curl still on top; it holds a hand mirror showing the back of its fresh cut. Fresh-cut sparkles.

Square 1:1 image, the character centered and filling about 80% of the frame with even empty margin on all sides. One clear pose and at most one or two props, with a bold simple silhouette that stays readable at 48×48 pixels.

Flat vector sticker style, clean dark outline of uniform weight, soft cel-shading.

Pure plain white background. No text, letters, numbers or logos anywhere. No purple, violet, lavender or lilac anywhere. No frame, border, badge, circle or colored backdrop behind the character, and no shadow on the ground."
"24","groom","groom.png","A","men","داماد","Same mascot as the reference image, identical design, colors and line style: chubby cream-white creature, orange curly hair with a heart-shaped curl on top, big glossy dark eyes, rose-pink cheeks, pink apron, makeup brush behind the ear.

Scene: Half-body, bashful happy face with blushing cheeks. It wears a navy tuxedo jacket over its apron, a white shirt, a red bow tie and a small white boutonniere flower; hair slicked neat. A tiny gold ring box in one hand.

Square 1:1 image, the character centered and filling about 80% of the frame with even empty margin on all sides. One clear pose and at most one or two props, with a bold simple silhouette that stays readable at 48×48 pixels.

Flat vector sticker style, clean dark outline of uniform weight, soft cel-shading.

Pure plain white background. No text, letters, numbers or logos anywhere. No purple, violet, lavender or lilac anywhere. No frame, border, badge, circle or colored backdrop behind the character, and no shadow on the ground."
"25","lipstick","lipstick.png","A","makeup","آرایش (لیپ‌استیک)","Same mascot as the reference image, identical design, colors and line style: chubby cream-white creature, orange curly hair with a heart-shaped curl on top, big glossy dark eyes, rose-pink cheeks, pink apron, makeup brush behind the ear.

Scene: Half-body, flirty wink. It holds up a big open rose-pink lipstick with a gold case; its own lips show a glossy rose smile. A kiss-mark and a sparkle near the lipstick.

Square 1:1 image, the character centered and filling about 80% of the frame with even empty margin on all sides. One clear pose and at most one or two props, with a bold simple silhouette that stays readable at 48×48 pixels.

Flat vector sticker style, clean dark outline of uniform weight, soft cel-shading.

Pure plain white background. No text, letters, numbers or logos anywhere. No purple, violet, lavender or lilac anywhere. No frame, border, badge, circle or colored backdrop behind the character, and no shadow on the ground."
"26","eyeshadow","eyeshadow.png","A","makeup","سایه چشم","Same mascot as the reference image, identical design, colors and line style: chubby cream-white creature, orange curly hair with a heart-shaped curl on top, big glossy dark eyes, rose-pink cheeks, pink apron, makeup brush behind the ear.

Scene: Half-body, one eye closed to show a glowing rose-gold shimmer eyeshadow with a tiny glitter fleck, the other eye open and sparkling. It holds a small eyeshadow brush and a mini round compact.

Square 1:1 image, the character centered and filling about 80% of the frame with even empty margin on all sides. One clear pose and at most one or two props, with a bold simple silhouette that stays readable at 48×48 pixels.

Flat vector sticker style, clean dark outline of uniform weight, soft cel-shading.

Pure plain white background. No text, letters, numbers or logos anywhere. No purple, violet, lavender or lilac anywhere. No frame, border, badge, circle or colored backdrop behind the character, and no shadow on the ground."
"27","makeup_brush","makeup_brush.png","A","makeup","کانتور و براش","Same mascot as the reference image, identical design, colors and line style: chubby cream-white creature, orange curly hair with a heart-shaped curl on top, big glossy dark eyes, rose-pink cheeks, pink apron, makeup brush behind the ear.

Scene: Half-body, happy dreamy face. It sweeps a huge fluffy blush brush across its cheek leaving a pink powder cloud with sparkles; the brush has a rose-gold handle. A tiny contour stick in the apron pocket.

Square 1:1 image, the character centered and filling about 80% of the frame with even empty margin on all sides. One clear pose and at most one or two props, with a bold simple silhouette that stays readable at 48×48 pixels.

Flat vector sticker style, clean dark outline of uniform weight, soft cel-shading.

Pure plain white background. No text, letters, numbers or logos anywhere. No purple, violet, lavender or lilac anywhere. No frame, border, badge, circle or colored backdrop behind the character, and no shadow on the ground."
"28","lips","lips.png","A","makeup","لب","Same mascot as the reference image, identical design, colors and line style: chubby cream-white creature, orange curly hair with a heart-shaped curl on top, big glossy dark eyes, rose-pink cheeks, pink apron, makeup brush behind the ear.

Scene: Close-up style bust, eyes sparkling, blowing a kiss: glossy rose-pink lips and a small heart floating away with a motion trail; a lip-gloss wand in the other hand with a shiny droplet.

Square 1:1 image, the character centered and filling about 80% of the frame with even empty margin on all sides. One clear pose and at most one or two props, with a bold simple silhouette that stays readable at 48×48 pixels.

Flat vector sticker style, clean dark outline of uniform weight, soft cel-shading.

Pure plain white background. No text, letters, numbers or logos anywhere. No purple, violet, lavender or lilac anywhere. No frame, border, badge, circle or colored backdrop behind the character, and no shadow on the ground."
"29","palette","palette.png","A","makeup","پالت آرایشی","Same mascot as the reference image, identical design, colors and line style: chubby cream-white creature, orange curly hair with a heart-shaped curl on top, big glossy dark eyes, rose-pink cheeks, pink apron, makeup brush behind the ear.

Scene: Half-body, delighted wide-open eyes and open smile. It hugs a huge open makeup palette with 6 colourful pans (rose, peach, gold, mint, sky-blue, coral) and a tiny mirror in the lid; a mini brush in the other hand. Sparkles.

Square 1:1 image, the character centered and filling about 80% of the frame with even empty margin on all sides. One clear pose and at most one or two props, with a bold simple silhouette that stays readable at 48×48 pixels.

Flat vector sticker style, clean dark outline of uniform weight, soft cel-shading.

Pure plain white background. No text, letters, numbers or logos anywhere. No purple, violet, lavender or lilac anywhere. No frame, border, badge, circle or colored backdrop behind the character, and no shadow on the ground."
"30","eyeliner","eyeliner.png","A","makeup","خط چشم","Same mascot as the reference image, identical design, colors and line style: chubby cream-white creature, orange curly hair with a heart-shaped curl on top, big glossy dark eyes, rose-pink cheeks, pink apron, makeup brush behind the ear.

Scene: Half-body, concentrated look with the tongue slightly out. It draws a perfect winged black eyeliner on its own eye with a thin pen held in a steady hand; a tiny dotted guide line and a sparkle at the wing tip.

Square 1:1 image, the character centered and filling about 80% of the frame with even empty margin on all sides. One clear pose and at most one or two props, with a bold simple silhouette that stays readable at 48×48 pixels.

Flat vector sticker style, clean dark outline of uniform weight, soft cel-shading.

Pure plain white background. No text, letters, numbers or logos anywhere. No purple, violet, lavender or lilac anywhere. No frame, border, badge, circle or colored backdrop behind the character, and no shadow on the ground."
"31","makeup_lesson","makeup_lesson.png","A","makeup","آموزش آرایش","Same mascot as the reference image, identical design, colors and line style: chubby cream-white creature, orange curly hair with a heart-shaped curl on top, big glossy dark eyes, rose-pink cheeks, pink apron, makeup brush behind the ear.

Scene: Half-body, teacher pose with small round glasses. It points a stick at a small whiteboard showing a simple face chart with arrows and a heart; a makeup brush behind the ear, a tiny graduation cap on the heart-curl.

Square 1:1 image, the character centered and filling about 80% of the frame with even empty margin on all sides. One clear pose and at most one or two props, with a bold simple silhouette that stays readable at 48×48 pixels.

Flat vector sticker style, clean dark outline of uniform weight, soft cel-shading.

Pure plain white background. No text, letters, numbers or logos anywhere. No purple, violet, lavender or lilac anywhere. No frame, border, badge, circle or colored backdrop behind the character, and no shadow on the ground."
"32","party_makeup","party_makeup.png","A","makeup","آرایش مجلسی","Same mascot as the reference image, identical design, colors and line style: chubby cream-white creature, orange curly hair with a heart-shaped curl on top, big glossy dark eyes, rose-pink cheeks, pink apron, makeup brush behind the ear.

Scene: Half-body, starry-eyed glamorous look with gold glitter eyelids, long lashes and deep rose lips; a small sparkling tiara pin, a mini disco-ball and confetti around; a champagne-pink tone.

Square 1:1 image, the character centered and filling about 80% of the frame with even empty margin on all sides. One clear pose and at most one or two props, with a bold simple silhouette that stays readable at 48×48 pixels.

Flat vector sticker style, clean dark outline of uniform weight, soft cel-shading.

Pure plain white background. No text, letters, numbers or logos anywhere. No purple, violet, lavender or lilac anywhere. No frame, border, badge, circle or colored backdrop behind the character, and no shadow on the ground."
"33","bridal","bridal.png","A","bridal","عروس","Same mascot as the reference image, identical design, colors and line style: chubby cream-white creature, orange curly hair with a heart-shaped curl on top, big glossy dark eyes, rose-pink cheeks, pink apron, makeup brush behind the ear.

Scene: Half-body, teary happy eyes, hands clasped under the chin. It wears a long sheer white veil with a lace edge fixed by a small flower crown, a pink apron changed to a white bodice, and holds a small bouquet. Floating hearts and sparkles.

Square 1:1 image, the character centered and filling about 80% of the frame with even empty margin on all sides. One clear pose and at most one or two props, with a bold simple silhouette that stays readable at 48×48 pixels.

Flat vector sticker style, clean dark outline of uniform weight, soft cel-shading.

Pure plain white background. No text, letters, numbers or logos anywhere. No purple, violet, lavender or lilac anywhere. No frame, border, badge, circle or colored backdrop behind the character, and no shadow on the ground."
"34","crown","crown.png","A","bridal","تاج","Same mascot as the reference image, identical design, colors and line style: chubby cream-white creature, orange curly hair with a heart-shaped curl on top, big glossy dark eyes, rose-pink cheeks, pink apron, makeup brush behind the ear.

Scene: Half-body, regal proud smile, chin up. A sparkling gold crown with three round rubies and tiny pearls sits between its curls and the heart-curl; it holds a small royal sceptre with a star. Gold sparkles.

Square 1:1 image, the character centered and filling about 80% of the frame with even empty margin on all sides. One clear pose and at most one or two props, with a bold simple silhouette that stays readable at 48×48 pixels.

Flat vector sticker style, clean dark outline of uniform weight, soft cel-shading.

Pure plain white background. No text, letters, numbers or logos anywhere. No purple, violet, lavender or lilac anywhere. No frame, border, badge, circle or colored backdrop behind the character, and no shadow on the ground."
"35","bouquet","bouquet.png","A","bridal","دسته گل","Same mascot as the reference image, identical design, colors and line style: chubby cream-white creature, orange curly hair with a heart-shaped curl on top, big glossy dark eyes, rose-pink cheeks, pink apron, makeup brush behind the ear.

Scene: Half-body, shy happy face with blushing cheeks. It holds a big round bouquet of pink roses, white peonies and green leaves tied with a satin ribbon bow; a few petals fall.

Square 1:1 image, the character centered and filling about 80% of the frame with even empty margin on all sides. One clear pose and at most one or two props, with a bold simple silhouette that stays readable at 48×48 pixels.

Flat vector sticker style, clean dark outline of uniform weight, soft cel-shading.

Pure plain white background. No text, letters, numbers or logos anywhere. No purple, violet, lavender or lilac anywhere. No frame, border, badge, circle or colored backdrop behind the character, and no shadow on the ground."
"36","ring","ring.png","A","bridal","حلقه","Same mascot as the reference image, identical design, colors and line style: chubby cream-white creature, orange curly hair with a heart-shaped curl on top, big glossy dark eyes, rose-pink cheeks, pink apron, makeup brush behind the ear.

Scene: Half-body, starry eyes, mouth open in awe. It holds up a shiny gold ring with a big sparkling blue-white diamond between two fingers; a big four-point shine flares on the diamond and tiny hearts float.

Square 1:1 image, the character centered and filling about 80% of the frame with even empty margin on all sides. One clear pose and at most one or two props, with a bold simple silhouette that stays readable at 48×48 pixels.

Flat vector sticker style, clean dark outline of uniform weight, soft cel-shading.

Pure plain white background. No text, letters, numbers or logos anywhere. No purple, violet, lavender or lilac anywhere. No frame, border, badge, circle or colored backdrop behind the character, and no shadow on the ground."
"37","party","party.png","A","bridal","جشن و مراسم","Same mascot as the reference image, identical design, colors and line style: chubby cream-white creature, orange curly hair with a heart-shaped curl on top, big glossy dark eyes, rose-pink cheeks, pink apron, makeup brush behind the ear.

Scene: Half-body, laughing mouth wide open, eyes closed in joy. It wears a striped party hat on the heart-curl, pops a party popper with confetti, and a small string of triangle flags hangs behind. Colourful confetti in rose, gold, mint, sky.

Square 1:1 image, the character centered and filling about 80% of the frame with even empty margin on all sides. One clear pose and at most one or two props, with a bold simple silhouette that stays readable at 48×48 pixels.

Flat vector sticker style, clean dark outline of uniform weight, soft cel-shading.

Pure plain white background. No text, letters, numbers or logos anywhere. No purple, violet, lavender or lilac anywhere. No frame, border, badge, circle or colored backdrop behind the character, and no shadow on the ground."
"38","eyebrow","eyebrow.png","A","brow_lash","ابرو","Same mascot as the reference image, identical design, colors and line style: chubby cream-white creature, orange curly hair with a heart-shaped curl on top, big glossy dark eyes, rose-pink cheeks, pink apron, makeup brush behind the ear.

Scene: Half-body, calm confident smile. Its eyebrows are perfectly shaped thick arches (drawn clearly); it holds a brow pencil in one hand and a spoolie brush in the other. A tiny shine mark above the brow.

Square 1:1 image, the character centered and filling about 80% of the frame with even empty margin on all sides. One clear pose and at most one or two props, with a bold simple silhouette that stays readable at 48×48 pixels.

Flat vector sticker style, clean dark outline of uniform weight, soft cel-shading.

Pure plain white background. No text, letters, numbers or logos anywhere. No purple, violet, lavender or lilac anywhere. No frame, border, badge, circle or colored backdrop behind the character, and no shadow on the ground."
"39","lash_ext","lash_ext.png","A","brow_lash","اکستنشن مژه","Same mascot as the reference image, identical design, colors and line style: chubby cream-white creature, orange curly hair with a heart-shaped curl on top, big glossy dark eyes, rose-pink cheeks, pink apron, makeup brush behind the ear.

Scene: Half-body, dreamy eyes with very long fluttery curled lashes (clearly bigger lashes). It holds fine tweezers with one single lash; a mini lash tile with lashes rests on its apron. Sparkles at the lash tips.

Square 1:1 image, the character centered and filling about 80% of the frame with even empty margin on all sides. One clear pose and at most one or two props, with a bold simple silhouette that stays readable at 48×48 pixels.

Flat vector sticker style, clean dark outline of uniform weight, soft cel-shading.

Pure plain white background. No text, letters, numbers or logos anywhere. No purple, violet, lavender or lilac anywhere. No frame, border, badge, circle or colored backdrop behind the character, and no shadow on the ground."
"40","lash_lift","lash_lift.png","A","brow_lash","لیفت مژه","Same mascot as the reference image, identical design, colors and line style: chubby cream-white creature, orange curly hair with a heart-shaped curl on top, big glossy dark eyes, rose-pink cheeks, pink apron, makeup brush behind the ear.

Scene: Half-body, one eye wide to show lifted curled lashes, the other with a small silver lash curler clamped on. A tiny upward curve arrow and sparkles show the lift.

Square 1:1 image, the character centered and filling about 80% of the frame with even empty margin on all sides. One clear pose and at most one or two props, with a bold simple silhouette that stays readable at 48×48 pixels.

Flat vector sticker style, clean dark outline of uniform weight, soft cel-shading.

Pure plain white background. No text, letters, numbers or logos anywhere. No purple, violet, lavender or lilac anywhere. No frame, border, badge, circle or colored backdrop behind the character, and no shadow on the ground."
"41","brow_lamination","brow_lamination.png","A","brow_lash","لمینت ابرو","Same mascot as the reference image, identical design, colors and line style: chubby cream-white creature, orange curly hair with a heart-shaped curl on top, big glossy dark eyes, rose-pink cheeks, pink apron, makeup brush behind the ear.

Scene: Half-body, smug smile. Its eyebrows are fluffy and brushed upward in a neat laminated style with a glossy shine; it brushes one up with a spoolie while holding a tiny glossy-gel tube.

Square 1:1 image, the character centered and filling about 80% of the frame with even empty margin on all sides. One clear pose and at most one or two props, with a bold simple silhouette that stays readable at 48×48 pixels.

Flat vector sticker style, clean dark outline of uniform weight, soft cel-shading.

Pure plain white background. No text, letters, numbers or logos anywhere. No purple, violet, lavender or lilac anywhere. No frame, border, badge, circle or colored backdrop behind the character, and no shadow on the ground."
"42","brow_tint","brow_tint.png","A","brow_lash","رنگ ابرو","Same mascot as the reference image, identical design, colors and line style: chubby cream-white creature, orange curly hair with a heart-shaped curl on top, big glossy dark eyes, rose-pink cheeks, pink apron, makeup brush behind the ear.

Scene: Half-body, focused face. It holds a tiny glass dish with dark brown dye and a thin brush, painting one brow darker — one brow done and rich brown, the other still light. A drop of dye sparkles.

Square 1:1 image, the character centered and filling about 80% of the frame with even empty margin on all sides. One clear pose and at most one or two props, with a bold simple silhouette that stays readable at 48×48 pixels.

Flat vector sticker style, clean dark outline of uniform weight, soft cel-shading.

Pure plain white background. No text, letters, numbers or logos anywhere. No purple, violet, lavender or lilac anywhere. No frame, border, badge, circle or colored backdrop behind the character, and no shadow on the ground."
"43","threading","threading.png","A","brow_lash","نخ‌کشی صورت","Same mascot as the reference image, identical design, colors and line style: chubby cream-white creature, orange curly hair with a heart-shaped curl on top, big glossy dark eyes, rose-pink cheeks, pink apron, makeup brush behind the ear.

Scene: Half-body, brave concentrated face. It holds a thin white thread stretched between both hands and the teeth, twisted in the middle in the typical threading X shape; tiny hair bits fly away; a sparkle on the cleanly shaped brow.

Square 1:1 image, the character centered and filling about 80% of the frame with even empty margin on all sides. One clear pose and at most one or two props, with a bold simple silhouette that stays readable at 48×48 pixels.

Flat vector sticker style, clean dark outline of uniform weight, soft cel-shading.

Pure plain white background. No text, letters, numbers or logos anywhere. No purple, violet, lavender or lilac anywhere. No frame, border, badge, circle or colored backdrop behind the character, and no shadow on the ground."
"44","lash_tint","lash_tint.png","A","brow_lash","رنگ مژه","Same mascot as the reference image, identical design, colors and line style: chubby cream-white creature, orange curly hair with a heart-shaped curl on top, big glossy dark eyes, rose-pink cheeks, pink apron, makeup brush behind the ear.

Scene: Half-body, calm closed eye showing thick dark tinted lashes with a tiny brush beside it, and a miniature tint dish with a black dye. Small sparkles on the lashes.

Square 1:1 image, the character centered and filling about 80% of the frame with even empty margin on all sides. One clear pose and at most one or two props, with a bold simple silhouette that stays readable at 48×48 pixels.

Flat vector sticker style, clean dark outline of uniform weight, soft cel-shading.

Pure plain white background. No text, letters, numbers or logos anywhere. No purple, violet, lavender or lilac anywhere. No frame, border, badge, circle or colored backdrop behind the character, and no shadow on the ground."
"45","manicure","manicure.png","A","nails","مانیکور","Same mascot as the reference image, identical design, colors and line style: chubby cream-white creature, orange curly hair with a heart-shaped curl on top, big glossy dark eyes, rose-pink cheeks, pink apron, makeup brush behind the ear.

Scene: Half-body, big happy grin, one hand raised flat to the viewer showing perfectly painted rose-red nails with white shine marks; a tiny nail file in the other hand. Sparkles around the fingertips.

Square 1:1 image, the character centered and filling about 80% of the frame with even empty margin on all sides. One clear pose and at most one or two props, with a bold simple silhouette that stays readable at 48×48 pixels.

Flat vector sticker style, clean dark outline of uniform weight, soft cel-shading.

Pure plain white background. No text, letters, numbers or logos anywhere. No purple, violet, lavender or lilac anywhere. No frame, border, badge, circle or colored backdrop behind the character, and no shadow on the ground."
"46","pedicure","pedicure.png","A","nails","پدیکور","Same mascot as the reference image, identical design, colors and line style: chubby cream-white creature, orange curly hair with a heart-shaped curl on top, big glossy dark eyes, rose-pink cheeks, pink apron, makeup brush behind the ear.

Scene: Half-body, relaxed happy face. One foot rests on a small stool with toe separators and freshly painted coral toenails, a little footbath with petals and bubbles beside it, a towel on the shoulder. Sparkles on the toes.

Square 1:1 image, the character centered and filling about 80% of the frame with even empty margin on all sides. One clear pose and at most one or two props, with a bold simple silhouette that stays readable at 48×48 pixels.

Flat vector sticker style, clean dark outline of uniform weight, soft cel-shading.

Pure plain white background. No text, letters, numbers or logos anywhere. No purple, violet, lavender or lilac anywhere. No frame, border, badge, circle or colored backdrop behind the character, and no shadow on the ground."
"47","nail_art","nail_art.png","A","nails","نیل‌آرت","Same mascot as the reference image, identical design, colors and line style: chubby cream-white creature, orange curly hair with a heart-shaped curl on top, big glossy dark eyes, rose-pink cheeks, pink apron, makeup brush behind the ear.

Scene: Half-body, excited wide eyes. The nails show tiny art: a heart, a star, polka dots and a gem on different fingers; it holds a thin dotting tool and a tiny rhinestone. Glitter sparkles.

Square 1:1 image, the character centered and filling about 80% of the frame with even empty margin on all sides. One clear pose and at most one or two props, with a bold simple silhouette that stays readable at 48×48 pixels.

Flat vector sticker style, clean dark outline of uniform weight, soft cel-shading.

Pure plain white background. No text, letters, numbers or logos anywhere. No purple, violet, lavender or lilac anywhere. No frame, border, badge, circle or colored backdrop behind the character, and no shadow on the ground."
"48","gel_nails","gel_nails.png","A","nails","ناخن ژله‌ای","Same mascot as the reference image, identical design, colors and line style: chubby cream-white creature, orange curly hair with a heart-shaped curl on top, big glossy dark eyes, rose-pink cheeks, pink apron, makeup brush behind the ear.

Scene: Half-body, relaxed smile. Its hand sits under a small pink UV nail lamp (pink body) that glows with soft light; the gel nails shine like glass with a big white glint.

Square 1:1 image, the character centered and filling about 80% of the frame with even empty margin on all sides. One clear pose and at most one or two props, with a bold simple silhouette that stays readable at 48×48 pixels.

Flat vector sticker style, clean dark outline of uniform weight, soft cel-shading.

Pure plain white background. No text, letters, numbers or logos anywhere. No purple, violet, lavender or lilac anywhere. No frame, border, badge, circle or colored backdrop behind the character, and no shadow on the ground."
"49","nail_polish","nail_polish.png","A","nails","لاک","Same mascot as the reference image, identical design, colors and line style: chubby cream-white creature, orange curly hair with a heart-shaped curl on top, big glossy dark eyes, rose-pink cheeks, pink apron, makeup brush behind the ear.

Scene: Half-body, proud grin. It holds a big nail-polish bottle (hot-pink, black cap) with a brush dripping one shiny drop, and shows a single freshly painted nail with a glossy line. Sparkles.

Square 1:1 image, the character centered and filling about 80% of the frame with even empty margin on all sides. One clear pose and at most one or two props, with a bold simple silhouette that stays readable at 48×48 pixels.

Flat vector sticker style, clean dark outline of uniform weight, soft cel-shading.

Pure plain white background. No text, letters, numbers or logos anywhere. No purple, violet, lavender or lilac anywhere. No frame, border, badge, circle or colored backdrop behind the character, and no shadow on the ground."
"50","french_nails","french_nails.png","A","nails","فرنچ","Same mascot as the reference image, identical design, colors and line style: chubby cream-white creature, orange curly hair with a heart-shaped curl on top, big glossy dark eyes, rose-pink cheeks, pink apron, makeup brush behind the ear.

Scene: Half-body, elegant smile. One raised hand shows classic French-tip nails (nude base with crisp white tips) in clear detail; a small bottle of white tip polish is in the apron pocket. White glints.

Square 1:1 image, the character centered and filling about 80% of the frame with even empty margin on all sides. One clear pose and at most one or two props, with a bold simple silhouette that stays readable at 48×48 pixels.

Flat vector sticker style, clean dark outline of uniform weight, soft cel-shading.

Pure plain white background. No text, letters, numbers or logos anywhere. No purple, violet, lavender or lilac anywhere. No frame, border, badge, circle or colored backdrop behind the character, and no shadow on the ground."
"51","nail_spa","nail_spa.png","A","nails","اسپای دست","Same mascot as the reference image, identical design, colors and line style: chubby cream-white creature, orange curly hair with a heart-shaped curl on top, big glossy dark eyes, rose-pink cheeks, pink apron, makeup brush behind the ear.

Scene: Half-body, blissful closed eyes. Both hands soak in a small round bowl of milky water with pink flower petals and bubbles; steam curls above; a mini towel on its shoulder.

Square 1:1 image, the character centered and filling about 80% of the frame with even empty margin on all sides. One clear pose and at most one or two props, with a bold simple silhouette that stays readable at 48×48 pixels.

Flat vector sticker style, clean dark outline of uniform weight, soft cel-shading.

Pure plain white background. No text, letters, numbers or logos anywhere. No purple, violet, lavender or lilac anywhere. No frame, border, badge, circle or colored backdrop behind the character, and no shadow on the ground."
"52","facial","facial.png","A","skin","فیشیال","Same mascot as the reference image, identical design, colors and line style: chubby cream-white creature, orange curly hair with a heart-shaped curl on top, big glossy dark eyes, rose-pink cheeks, pink apron, makeup brush behind the ear.

Scene: Half-body, relaxed with eyes closed and happy smile. Two round cucumber slices rest over its eyes, a pale-green clay mask covers its cheeks, a white headband holds the curls. Water drops and leaves sparkle.

Square 1:1 image, the character centered and filling about 80% of the frame with even empty margin on all sides. One clear pose and at most one or two props, with a bold simple silhouette that stays readable at 48×48 pixels.

Flat vector sticker style, clean dark outline of uniform weight, soft cel-shading.

Pure plain white background. No text, letters, numbers or logos anywhere. No purple, violet, lavender or lilac anywhere. No frame, border, badge, circle or colored backdrop behind the character, and no shadow on the ground."
"53","skincare","skincare.png","A","skin","مراقبت پوست","Same mascot as the reference image, identical design, colors and line style: chubby cream-white creature, orange curly hair with a heart-shaped curl on top, big glossy dark eyes, rose-pink cheeks, pink apron, makeup brush behind the ear.

Scene: Half-body, glowing happy face with shiny cheeks. It pats a pearl-white cream onto its cheek with fingers, holding a small round cream jar with a gold lid; a lifted shine arc on the cheek. Sparkles.

Square 1:1 image, the character centered and filling about 80% of the frame with even empty margin on all sides. One clear pose and at most one or two props, with a bold simple silhouette that stays readable at 48×48 pixels.

Flat vector sticker style, clean dark outline of uniform weight, soft cel-shading.

Pure plain white background. No text, letters, numbers or logos anywhere. No purple, violet, lavender or lilac anywhere. No frame, border, badge, circle or colored backdrop behind the character, and no shadow on the ground."
"54","serum","serum.png","A","skin","سرم پوست","Same mascot as the reference image, identical design, colors and line style: chubby cream-white creature, orange curly hair with a heart-shaped curl on top, big glossy dark eyes, rose-pink cheeks, pink apron, makeup brush behind the ear.

Scene: Half-body, delighted look at the dropper. It holds a glass serum bottle with a gold dropper cap, a glowing yellow drop falling toward its cheek; a shiny crystal-clear droplet icon above.

Square 1:1 image, the character centered and filling about 80% of the frame with even empty margin on all sides. One clear pose and at most one or two props, with a bold simple silhouette that stays readable at 48×48 pixels.

Flat vector sticker style, clean dark outline of uniform weight, soft cel-shading.

Pure plain white background. No text, letters, numbers or logos anywhere. No purple, violet, lavender or lilac anywhere. No frame, border, badge, circle or colored backdrop behind the character, and no shadow on the ground."
"55","hydrafacial","hydrafacial.png","A","skin","هیدرافیشیال","Same mascot as the reference image, identical design, colors and line style: chubby cream-white creature, orange curly hair with a heart-shaped curl on top, big glossy dark eyes, rose-pink cheeks, pink apron, makeup brush behind the ear.

Scene: Half-body, refreshed happy face. A small white-and-aqua hydra-wand device with a spiral tip glides near its cheek, with water swirl lines and bubbles; skin glows with a shine arc.

Square 1:1 image, the character centered and filling about 80% of the frame with even empty margin on all sides. One clear pose and at most one or two props, with a bold simple silhouette that stays readable at 48×48 pixels.

Flat vector sticker style, clean dark outline of uniform weight, soft cel-shading.

Pure plain white background. No text, letters, numbers or logos anywhere. No purple, violet, lavender or lilac anywhere. No frame, border, badge, circle or colored backdrop behind the character, and no shadow on the ground."
"56","peeling","peeling.png","A","skin","پیلینگ","Same mascot as the reference image, identical design, colors and line style: chubby cream-white creature, orange curly hair with a heart-shaped curl on top, big glossy dark eyes, rose-pink cheeks, pink apron, makeup brush behind the ear.

Scene: Half-body, funny surprised-but-ok face. A thin translucent peeling mask is being lifted from one cheek by two fingers, revealing smooth glowing skin under it; tiny flakes float. Sparkles on the clear cheek.

Square 1:1 image, the character centered and filling about 80% of the frame with even empty margin on all sides. One clear pose and at most one or two props, with a bold simple silhouette that stays readable at 48×48 pixels.

Flat vector sticker style, clean dark outline of uniform weight, soft cel-shading.

Pure plain white background. No text, letters, numbers or logos anywhere. No purple, violet, lavender or lilac anywhere. No frame, border, badge, circle or colored backdrop behind the character, and no shadow on the ground."
"57","microneedling","microneedling.png","A","skin","میکرونیدلینگ","Same mascot as the reference image, identical design, colors and line style: chubby cream-white creature, orange curly hair with a heart-shaped curl on top, big glossy dark eyes, rose-pink cheeks, pink apron, makeup brush behind the ear.

Scene: Half-body, brave smile with small sweat drop. It holds a small silver derma-roller pen with fine needles pointing to its cheek; a tiny sparkling dot trail on the skin and a shine.

Square 1:1 image, the character centered and filling about 80% of the frame with even empty margin on all sides. One clear pose and at most one or two props, with a bold simple silhouette that stays readable at 48×48 pixels.

Flat vector sticker style, clean dark outline of uniform weight, soft cel-shading.

Pure plain white background. No text, letters, numbers or logos anywhere. No purple, violet, lavender or lilac anywhere. No frame, border, badge, circle or colored backdrop behind the character, and no shadow on the ground."
"58","face_mask","face_mask.png","A","skin","ماسک صورت","Same mascot as the reference image, identical design, colors and line style: chubby cream-white creature, orange curly hair with a heart-shaped curl on top, big glossy dark eyes, rose-pink cheeks, pink apron, makeup brush behind the ear.

Scene: Half-body wearing a white sheet face mask with eye and mouth holes, only its big shiny eyes and little mouth visible; calm bliss. A little bowl of mint-green gel and leaves.

Square 1:1 image, the character centered and filling about 80% of the frame with even empty margin on all sides. One clear pose and at most one or two props, with a bold simple silhouette that stays readable at 48×48 pixels.

Flat vector sticker style, clean dark outline of uniform weight, soft cel-shading.

Pure plain white background. No text, letters, numbers or logos anywhere. No purple, violet, lavender or lilac anywhere. No frame, border, badge, circle or colored backdrop behind the character, and no shadow on the ground."
"59","acne","acne.png","A","skin","درمان جوش","Same mascot as the reference image, identical design, colors and line style: chubby cream-white creature, orange curly hair with a heart-shaped curl on top, big glossy dark eyes, rose-pink cheeks, pink apron, makeup brush behind the ear.

Scene: Half-body, hopeful smile. A round pimple patch with a sparkling star sits on its cheek; it holds a small tube of blue spot treatment. Small clean-skin sparkles in a ring.

Square 1:1 image, the character centered and filling about 80% of the frame with even empty margin on all sides. One clear pose and at most one or two props, with a bold simple silhouette that stays readable at 48×48 pixels.

Flat vector sticker style, clean dark outline of uniform weight, soft cel-shading.

Pure plain white background. No text, letters, numbers or logos anywhere. No purple, violet, lavender or lilac anywhere. No frame, border, badge, circle or colored backdrop behind the character, and no shadow on the ground."
"60","oxygen_facial","oxygen_facial.png","A","skin","اکسیژن فیشیال","Same mascot as the reference image, identical design, colors and line style: chubby cream-white creature, orange curly hair with a heart-shaped curl on top, big glossy dark eyes, rose-pink cheeks, pink apron, makeup brush behind the ear.

Scene: Half-body, eyes closed refreshed face. A light-blue oxygen spray mist falls on its face from a small nozzle; many round oxygen bubbles with the O2 shape rise around.

Square 1:1 image, the character centered and filling about 80% of the frame with even empty margin on all sides. One clear pose and at most one or two props, with a bold simple silhouette that stays readable at 48×48 pixels.

Flat vector sticker style, clean dark outline of uniform weight, soft cel-shading.

Pure plain white background. No text, letters, numbers or logos anywhere. No purple, violet, lavender or lilac anywhere. No frame, border, badge, circle or colored backdrop behind the character, and no shadow on the ground."
"61","led_therapy","led_therapy.png","A","skin","لایت‌تراپی (LED)","Same mascot as the reference image, identical design, colors and line style: chubby cream-white creature, orange curly hair with a heart-shaped curl on top, big glossy dark eyes, rose-pink cheeks, pink apron, makeup brush behind the ear.

Scene: Half-body wearing a glowing LED face mask with soft pink and blue light panels; relaxed smile in the eye holes; light rays and sparkles radiate softly.

Square 1:1 image, the character centered and filling about 80% of the frame with even empty margin on all sides. One clear pose and at most one or two props, with a bold simple silhouette that stays readable at 48×48 pixels.

Flat vector sticker style, clean dark outline of uniform weight, soft cel-shading.

Pure plain white background. No text, letters, numbers or logos anywhere. No purple, violet, lavender or lilac anywhere. No frame, border, badge, circle or colored backdrop behind the character, and no shadow on the ground."
"62","injection","injection.png","A","clinic","تزریق","Same mascot as the reference image, identical design, colors and line style: chubby cream-white creature, orange curly hair with a heart-shaped curl on top, big glossy dark eyes, rose-pink cheeks, pink apron, makeup brush behind the ear.

Scene: Half-body, calm professional smile. It wears a tiny white nurse cap on the heart-curl and holds a clear syringe with a pink liquid, one drop at the needle tip; a small plus-heart sparkle.

Square 1:1 image, the character centered and filling about 80% of the frame with even empty margin on all sides. One clear pose and at most one or two props, with a bold simple silhouette that stays readable at 48×48 pixels.

Flat vector sticker style, clean dark outline of uniform weight, soft cel-shading.

Pure plain white background. No text, letters, numbers or logos anywhere. No purple, violet, lavender or lilac anywhere. No frame, border, badge, circle or colored backdrop behind the character, and no shadow on the ground."
"63","laser","laser.png","A","clinic","لیزر","Same mascot as the reference image, identical design, colors and line style: chubby cream-white creature, orange curly hair with a heart-shaped curl on top, big glossy dark eyes, rose-pink cheeks, pink apron, makeup brush behind the ear.

Scene: Half-body with clear safety goggles, focused face. It holds a sleek white-and-blue laser device with a thin beam of teal light and star sparkles at the tip; a small shield icon glow.

Square 1:1 image, the character centered and filling about 80% of the frame with even empty margin on all sides. One clear pose and at most one or two props, with a bold simple silhouette that stays readable at 48×48 pixels.

Flat vector sticker style, clean dark outline of uniform weight, soft cel-shading.

Pure plain white background. No text, letters, numbers or logos anywhere. No purple, violet, lavender or lilac anywhere. No frame, border, badge, circle or colored backdrop behind the character, and no shadow on the ground."
"64","teeth","teeth.png","A","clinic","دندان","Same mascot as the reference image, identical design, colors and line style: chubby cream-white creature, orange curly hair with a heart-shaped curl on top, big glossy dark eyes, rose-pink cheeks, pink apron, makeup brush behind the ear.

Scene: Half-body, huge bright grin showing neat white teeth with a star shine on one tooth; it holds a pink toothbrush with minty paste; a tiny tooth with a sparkle icon near.

Square 1:1 image, the character centered and filling about 80% of the frame with even empty margin on all sides. One clear pose and at most one or two props, with a bold simple silhouette that stays readable at 48×48 pixels.

Flat vector sticker style, clean dark outline of uniform weight, soft cel-shading.

Pure plain white background. No text, letters, numbers or logos anywhere. No purple, violet, lavender or lilac anywhere. No frame, border, badge, circle or colored backdrop behind the character, and no shadow on the ground."
"65","filler","filler.png","A","clinic","فیلر","Same mascot as the reference image, identical design, colors and line style: chubby cream-white creature, orange curly hair with a heart-shaped curl on top, big glossy dark eyes, rose-pink cheeks, pink apron, makeup brush behind the ear.

Scene: Half-body, soft smile. A small clear syringe with a gel drop is held near its plump cheek; the cheek and lips look gently plump with a shine; sparkles. Tiny pink heart.

Square 1:1 image, the character centered and filling about 80% of the frame with even empty margin on all sides. One clear pose and at most one or two props, with a bold simple silhouette that stays readable at 48×48 pixels.

Flat vector sticker style, clean dark outline of uniform weight, soft cel-shading.

Pure plain white background. No text, letters, numbers or logos anywhere. No purple, violet, lavender or lilac anywhere. No frame, border, badge, circle or colored backdrop behind the character, and no shadow on the ground."
"66","prp","prp.png","A","clinic","پی‌آر‌پی","Same mascot as the reference image, identical design, colors and line style: chubby cream-white creature, orange curly hair with a heart-shaped curl on top, big glossy dark eyes, rose-pink cheeks, pink apron, makeup brush behind the ear.

Scene: Half-body, calm smile. It holds a test tube of golden-yellow plasma beside a second one of red; a tiny centrifuge icon shape behind; sparkling droplets.

Square 1:1 image, the character centered and filling about 80% of the frame with even empty margin on all sides. One clear pose and at most one or two props, with a bold simple silhouette that stays readable at 48×48 pixels.

Flat vector sticker style, clean dark outline of uniform weight, soft cel-shading.

Pure plain white background. No text, letters, numbers or logos anywhere. No purple, violet, lavender or lilac anywhere. No frame, border, badge, circle or colored backdrop behind the character, and no shadow on the ground."
"67","hifu","hifu.png","A","clinic","هایفو","Same mascot as the reference image, identical design, colors and line style: chubby cream-white creature, orange curly hair with a heart-shaped curl on top, big glossy dark eyes, rose-pink cheeks, pink apron, makeup brush behind the ear.

Scene: Half-body, upbeat face with a visibly lifted cheek line. A white ultrasound probe with a blue tip sends three concentric wave arcs toward the cheek; small up-arrows of sparkles.

Square 1:1 image, the character centered and filling about 80% of the frame with even empty margin on all sides. One clear pose and at most one or two props, with a bold simple silhouette that stays readable at 48×48 pixels.

Flat vector sticker style, clean dark outline of uniform weight, soft cel-shading.

Pure plain white background. No text, letters, numbers or logos anywhere. No purple, violet, lavender or lilac anywhere. No frame, border, badge, circle or colored backdrop behind the character, and no shadow on the ground."
"68","thread_lift","thread_lift.png","A","clinic","لیفت با نخ","Same mascot as the reference image, identical design, colors and line style: chubby cream-white creature, orange curly hair with a heart-shaped curl on top, big glossy dark eyes, rose-pink cheeks, pink apron, makeup brush behind the ear.

Scene: Half-body, brave smile. Very thin golden threads curve along the cheek line lifting it, a fine needle in a hand; two sparkles at the lifted jaw.

Square 1:1 image, the character centered and filling about 80% of the frame with even empty margin on all sides. One clear pose and at most one or two props, with a bold simple silhouette that stays readable at 48×48 pixels.

Flat vector sticker style, clean dark outline of uniform weight, soft cel-shading.

Pure plain white background. No text, letters, numbers or logos anywhere. No purple, violet, lavender or lilac anywhere. No frame, border, badge, circle or colored backdrop behind the character, and no shadow on the ground."
"69","doctor","doctor.png","A","clinic","ویزیت پزشک","Same mascot as the reference image, identical design, colors and line style: chubby cream-white creature, orange curly hair with a heart-shaped curl on top, big glossy dark eyes, rose-pink cheeks, pink apron, makeup brush behind the ear.

Scene: Half-body, friendly confident smile. It wears a white doctor coat with a stethoscope and a round head mirror, holds a clipboard with a heart-rate line; a small first-aid cross badge.

Square 1:1 image, the character centered and filling about 80% of the frame with even empty margin on all sides. One clear pose and at most one or two props, with a bold simple silhouette that stays readable at 48×48 pixels.

Flat vector sticker style, clean dark outline of uniform weight, soft cel-shading.

Pure plain white background. No text, letters, numbers or logos anywhere. No purple, violet, lavender or lilac anywhere. No frame, border, badge, circle or colored backdrop behind the character, and no shadow on the ground."
"70","waxing","waxing.png","A","body","اپیلاسیون و واکس","Same mascot as the reference image, identical design, colors and line style: chubby cream-white creature, orange curly hair with a heart-shaped curl on top, big glossy dark eyes, rose-pink cheeks, pink apron, makeup brush behind the ear.

Scene: Half-body, brave-but-nervous wavy smile with one tiny sweat drop. It holds a wooden wax spatula with golden warm wax and a small wax pot with steam; a strip of cloth in the other hand.

Square 1:1 image, the character centered and filling about 80% of the frame with even empty margin on all sides. One clear pose and at most one or two props, with a bold simple silhouette that stays readable at 48×48 pixels.

Flat vector sticker style, clean dark outline of uniform weight, soft cel-shading.

Pure plain white background. No text, letters, numbers or logos anywhere. No purple, violet, lavender or lilac anywhere. No frame, border, badge, circle or colored backdrop behind the character, and no shadow on the ground."
"71","massage","massage.png","A","body","ماساژ","Same mascot as the reference image, identical design, colors and line style: chubby cream-white creature, orange curly hair with a heart-shaped curl on top, big glossy dark eyes, rose-pink cheeks, pink apron, makeup brush behind the ear.

Scene: Half-body, blissful closed eyes lying face-down on a spa table with a white towel, a sage-green towel roll under its chin; two floating cream hands massage its back; small calm sparkles and a flower.

Square 1:1 image, the character centered and filling about 80% of the frame with even empty margin on all sides. One clear pose and at most one or two props, with a bold simple silhouette that stays readable at 48×48 pixels.

Flat vector sticker style, clean dark outline of uniform weight, soft cel-shading.

Pure plain white background. No text, letters, numbers or logos anywhere. No purple, violet, lavender or lilac anywhere. No frame, border, badge, circle or colored backdrop behind the character, and no shadow on the ground."
"72","spa","spa.png","A","body","اسپا","Same mascot as the reference image, identical design, colors and line style: chubby cream-white creature, orange curly hair with a heart-shaped curl on top, big glossy dark eyes, rose-pink cheeks, pink apron, makeup brush behind the ear.

Scene: Half-body, relaxed smile, wearing a fluffy white bathrobe with a towel turban on its hair, next to a lit candle, stacked smooth stones and a green leaf; warm steam swirls.

Square 1:1 image, the character centered and filling about 80% of the frame with even empty margin on all sides. One clear pose and at most one or two props, with a bold simple silhouette that stays readable at 48×48 pixels.

Flat vector sticker style, clean dark outline of uniform weight, soft cel-shading.

Pure plain white background. No text, letters, numbers or logos anywhere. No purple, violet, lavender or lilac anywhere. No frame, border, badge, circle or colored backdrop behind the character, and no shadow on the ground."
"73","aroma","aroma.png","A","body","آروماتراپی","Same mascot as the reference image, identical design, colors and line style: chubby cream-white creature, orange curly hair with a heart-shaped curl on top, big glossy dark eyes, rose-pink cheeks, pink apron, makeup brush behind the ear.

Scene: Half-body, eyes closed, deep smell with a smile. A ceramic diffuser spreads soft mist swirls that turn into pink flower and leaf shapes; a small essential oil bottle with a drop.

Square 1:1 image, the character centered and filling about 80% of the frame with even empty margin on all sides. One clear pose and at most one or two props, with a bold simple silhouette that stays readable at 48×48 pixels.

Flat vector sticker style, clean dark outline of uniform weight, soft cel-shading.

Pure plain white background. No text, letters, numbers or logos anywhere. No purple, violet, lavender or lilac anywhere. No frame, border, badge, circle or colored backdrop behind the character, and no shadow on the ground."
"74","tanning","tanning.png","A","body","برنزه","Same mascot as the reference image, identical design, colors and line style: chubby cream-white creature, orange curly hair with a heart-shaped curl on top, big glossy dark eyes, rose-pink cheeks, pink apron, makeup brush behind the ear.

Scene: Half-body, cool face with round sunglasses and a golden sun-kissed tan, lying under a happy sun with rays; a tanning-lotion bottle in its hand; a small palm leaf.

Square 1:1 image, the character centered and filling about 80% of the frame with even empty margin on all sides. One clear pose and at most one or two props, with a bold simple silhouette that stays readable at 48×48 pixels.

Flat vector sticker style, clean dark outline of uniform weight, soft cel-shading.

Pure plain white background. No text, letters, numbers or logos anywhere. No purple, violet, lavender or lilac anywhere. No frame, border, badge, circle or colored backdrop behind the character, and no shadow on the ground."
"75","body_contour","body_contour.png","A","body","لاغری و فرمدهی بدن","Same mascot as the reference image, identical design, colors and line style: chubby cream-white creature, orange curly hair with a heart-shaped curl on top, big glossy dark eyes, rose-pink cheeks, pink apron, makeup brush behind the ear.

Scene: Half-body, confident wink. It holds a yellow measuring tape loosely around its waist, a small cheerful 'curve' sparkle line shaping its figure; a tiny heart.

Square 1:1 image, the character centered and filling about 80% of the frame with even empty margin on all sides. One clear pose and at most one or two props, with a bold simple silhouette that stays readable at 48×48 pixels.

Flat vector sticker style, clean dark outline of uniform weight, soft cel-shading.

Pure plain white background. No text, letters, numbers or logos anywhere. No purple, violet, lavender or lilac anywhere. No frame, border, badge, circle or colored backdrop behind the character, and no shadow on the ground."
"76","perfume","perfume.png","A","body","عطر","Same mascot as the reference image, identical design, colors and line style: chubby cream-white creature, orange curly hair with a heart-shaped curl on top, big glossy dark eyes, rose-pink cheeks, pink apron, makeup brush behind the ear.

Scene: Half-body, delighted closed eyes. It sprays a crystal perfume bottle with a rose-gold cap; the mist forms a cloud of small hearts and sparkles that drifts around.

Square 1:1 image, the character centered and filling about 80% of the frame with even empty margin on all sides. One clear pose and at most one or two props, with a bold simple silhouette that stays readable at 48×48 pixels.

Flat vector sticker style, clean dark outline of uniform weight, soft cel-shading.

Pure plain white background. No text, letters, numbers or logos anywhere. No purple, violet, lavender or lilac anywhere. No frame, border, badge, circle or colored backdrop behind the character, and no shadow on the ground."
"77","sauna","sauna.png","A","body","سونا","Same mascot as the reference image, identical design, colors and line style: chubby cream-white creature, orange curly hair with a heart-shaped curl on top, big glossy dark eyes, rose-pink cheeks, pink apron, makeup brush behind the ear.

Scene: Half-body, relaxed red cheeks and a small sweat drop, wrapped in a white towel, sitting inside a wooden slatted sauna cabin with a bucket and ladle; steam clouds.

Square 1:1 image, the character centered and filling about 80% of the frame with even empty margin on all sides. One clear pose and at most one or two props, with a bold simple silhouette that stays readable at 48×48 pixels.

Flat vector sticker style, clean dark outline of uniform weight, soft cel-shading.

Pure plain white background. No text, letters, numbers or logos anywhere. No purple, violet, lavender or lilac anywhere. No frame, border, badge, circle or colored backdrop behind the character, and no shadow on the ground."
"78","body_scrub","body_scrub.png","A","body","اسکراب بدن","Same mascot as the reference image, identical design, colors and line style: chubby cream-white creature, orange curly hair with a heart-shaped curl on top, big glossy dark eyes, rose-pink cheeks, pink apron, makeup brush behind the ear.

Scene: Half-body, joyful face. It rubs its arm with a sugar scrub from a small open jar, with sparkling sugar grains and foam bubbles; a loofah in the other hand.

Square 1:1 image, the character centered and filling about 80% of the frame with even empty margin on all sides. One clear pose and at most one or two props, with a bold simple silhouette that stays readable at 48×48 pixels.

Flat vector sticker style, clean dark outline of uniform weight, soft cel-shading.

Pure plain white background. No text, letters, numbers or logos anywhere. No purple, violet, lavender or lilac anywhere. No frame, border, badge, circle or colored backdrop behind the character, and no shadow on the ground."
"79","moroccan_bath","moroccan_bath.png","A","body","حمام مراکشی","Same mascot as the reference image, identical design, colors and line style: chubby cream-white creature, orange curly hair with a heart-shaped curl on top, big glossy dark eyes, rose-pink cheeks, pink apron, makeup brush behind the ear.

Scene: Half-body, happy relaxed face, wrapped in a towel, holding a rough scrub mitt, standing in a steamy bath with mosaic-tile pattern behind it (simple geometric pattern), foam and steam.

Square 1:1 image, the character centered and filling about 80% of the frame with even empty margin on all sides. One clear pose and at most one or two props, with a bold simple silhouette that stays readable at 48×48 pixels.

Flat vector sticker style, clean dark outline of uniform weight, soft cel-shading.

Pure plain white background. No text, letters, numbers or logos anywhere. No purple, violet, lavender or lilac anywhere. No frame, border, badge, circle or colored backdrop behind the character, and no shadow on the ground."
"80","hijama","hijama.png","A","body","حجامت","Same mascot as the reference image, identical design, colors and line style: chubby cream-white creature, orange curly hair with a heart-shaped curl on top, big glossy dark eyes, rose-pink cheeks, pink apron, makeup brush behind the ear.

Scene: Half-body, calm focused face, with three round clear cupping glasses placed on its shoulder; a hand sketch of gentle suction rings; a small herbal leaf.

Square 1:1 image, the character centered and filling about 80% of the frame with even empty margin on all sides. One clear pose and at most one or two props, with a bold simple silhouette that stays readable at 48×48 pixels.

Flat vector sticker style, clean dark outline of uniform weight, soft cel-shading.

Pure plain white background. No text, letters, numbers or logos anywhere. No purple, violet, lavender or lilac anywhere. No frame, border, badge, circle or colored backdrop behind the character, and no shadow on the ground."
"81","stone_massage","stone_massage.png","A","body","ماساژ سنگ داغ","Same mascot as the reference image, identical design, colors and line style: chubby cream-white creature, orange curly hair with a heart-shaped curl on top, big glossy dark eyes, rose-pink cheeks, pink apron, makeup brush behind the ear.

Scene: Half-body, blissful closed eyes lying down with smooth dark warm stones stacked in a line along its back and a tiny steam curl over each; a small green leaf and a candle.

Square 1:1 image, the character centered and filling about 80% of the frame with even empty margin on all sides. One clear pose and at most one or two props, with a bold simple silhouette that stays readable at 48×48 pixels.

Flat vector sticker style, clean dark outline of uniform weight, soft cel-shading.

Pure plain white background. No text, letters, numbers or logos anywhere. No purple, violet, lavender or lilac anywhere. No frame, border, badge, circle or colored backdrop behind the character, and no shadow on the ground."
"82","foot_massage","foot_massage.png","A","body","ماساژ پا","Same mascot as the reference image, identical design, colors and line style: chubby cream-white creature, orange curly hair with a heart-shaped curl on top, big glossy dark eyes, rose-pink cheeks, pink apron, makeup brush behind the ear.

Scene: Half-body, giggling ticklish face with one foot raised to the viewer being massaged by floating hands; foot reflexology dots on the sole; tiny sparkles.

Square 1:1 image, the character centered and filling about 80% of the frame with even empty margin on all sides. One clear pose and at most one or two props, with a bold simple silhouette that stays readable at 48×48 pixels.

Flat vector sticker style, clean dark outline of uniform weight, soft cel-shading.

Pure plain white background. No text, letters, numbers or logos anywhere. No purple, violet, lavender or lilac anywhere. No frame, border, badge, circle or colored backdrop behind the character, and no shadow on the ground."
"83","tattoo","tattoo.png","A","tattoo","تتو","Same mascot as the reference image, identical design, colors and line style: chubby cream-white creature, orange curly hair with a heart-shaped curl on top, big glossy dark eyes, rose-pink cheeks, pink apron, makeup brush behind the ear.

Scene: Half-body, proud smile showing its arm with a neat small heart-with-wings tattoo; it flexes slightly; ink-drop sparkles around the art.

Square 1:1 image, the character centered and filling about 80% of the frame with even empty margin on all sides. One clear pose and at most one or two props, with a bold simple silhouette that stays readable at 48×48 pixels.

Flat vector sticker style, clean dark outline of uniform weight, soft cel-shading.

Pure plain white background. No text, letters, numbers or logos anywhere. No purple, violet, lavender or lilac anywhere. No frame, border, badge, circle or colored backdrop behind the character, and no shadow on the ground."
"84","gem","gem.png","A","tattoo","جواهر","Same mascot as the reference image, identical design, colors and line style: chubby cream-white creature, orange curly hair with a heart-shaped curl on top, big glossy dark eyes, rose-pink cheeks, pink apron, makeup brush behind the ear.

Scene: Half-body, wide amazed eyes. It holds a big faceted teal-and-pink gem with white shine lines in both hands; a ring of tiny sparkles.

Square 1:1 image, the character centered and filling about 80% of the frame with even empty margin on all sides. One clear pose and at most one or two props, with a bold simple silhouette that stays readable at 48×48 pixels.

Flat vector sticker style, clean dark outline of uniform weight, soft cel-shading.

Pure plain white background. No text, letters, numbers or logos anywhere. No purple, violet, lavender or lilac anywhere. No frame, border, badge, circle or colored backdrop behind the character, and no shadow on the ground."
"85","henna","henna.png","A","tattoo","حنا","Same mascot as the reference image, identical design, colors and line style: chubby cream-white creature, orange curly hair with a heart-shaped curl on top, big glossy dark eyes, rose-pink cheeks, pink apron, makeup brush behind the ear.

Scene: Half-body, calm happy face, a raised hand fully decorated with intricate reddish-brown henna floral and paisley patterns; a small cone of henna in the other hand.

Square 1:1 image, the character centered and filling about 80% of the frame with even empty margin on all sides. One clear pose and at most one or two props, with a bold simple silhouette that stays readable at 48×48 pixels.

Flat vector sticker style, clean dark outline of uniform weight, soft cel-shading.

Pure plain white background. No text, letters, numbers or logos anywhere. No purple, violet, lavender or lilac anywhere. No frame, border, badge, circle or colored backdrop behind the character, and no shadow on the ground."
"86","piercing","piercing.png","A","tattoo","پیرسینگ","Same mascot as the reference image, identical design, colors and line style: chubby cream-white creature, orange curly hair with a heart-shaped curl on top, big glossy dark eyes, rose-pink cheeks, pink apron, makeup brush behind the ear.

Scene: Half-body, brave smile, a tiny gold hoop earring with a diamond stud on its ear; a sterile needle and a small star sparkle; clean medical vibe with a white glove outline.

Square 1:1 image, the character centered and filling about 80% of the frame with even empty margin on all sides. One clear pose and at most one or two props, with a bold simple silhouette that stays readable at 48×48 pixels.

Flat vector sticker style, clean dark outline of uniform weight, soft cel-shading.

Pure plain white background. No text, letters, numbers or logos anywhere. No purple, violet, lavender or lilac anywhere. No frame, border, badge, circle or colored backdrop behind the character, and no shadow on the ground."
"87","tattoo_machine","tattoo_machine.png","A","tattoo","دستگاه تتو","Same mascot as the reference image, identical design, colors and line style: chubby cream-white creature, orange curly hair with a heart-shaped curl on top, big glossy dark eyes, rose-pink cheeks, pink apron, makeup brush behind the ear.

Scene: Half-body, focused fun face. It holds a vintage-style tattoo machine with coils and a gold needle tip, a drop of black ink on the tip; a tiny ink bottle in the apron pocket.

Square 1:1 image, the character centered and filling about 80% of the frame with even empty margin on all sides. One clear pose and at most one or two props, with a bold simple silhouette that stays readable at 48×48 pixels.

Flat vector sticker style, clean dark outline of uniform weight, soft cel-shading.

Pure plain white background. No text, letters, numbers or logos anywhere. No purple, violet, lavender or lilac anywhere. No frame, border, badge, circle or colored backdrop behind the character, and no shadow on the ground."
"88","permanent_makeup","permanent_makeup.png","A","tattoo","میکاپ دائم","Same mascot as the reference image, identical design, colors and line style: chubby cream-white creature, orange curly hair with a heart-shaped curl on top, big glossy dark eyes, rose-pink cheeks, pink apron, makeup brush behind the ear.

Scene: Half-body, calm smile with perfect microbladed brows and a defined lip line shown clearly; a tiny pigment pen and a dot of pigment; sparkles.

Square 1:1 image, the character centered and filling about 80% of the frame with even empty margin on all sides. One clear pose and at most one or two props, with a bold simple silhouette that stays readable at 48×48 pixels.

Flat vector sticker style, clean dark outline of uniform weight, soft cel-shading.

Pure plain white background. No text, letters, numbers or logos anywhere. No purple, violet, lavender or lilac anywhere. No frame, border, badge, circle or colored backdrop behind the character, and no shadow on the ground."
"89","yoga","yoga.png","A","wellness","یوگا","Same mascot as the reference image, identical design, colors and line style: chubby cream-white creature, orange curly hair with a heart-shaped curl on top, big glossy dark eyes, rose-pink cheeks, pink apron, makeup brush behind the ear.

Scene: Full-body in a calm tree pose on a teal yoga mat, palms together above, serene closed eyes; the heart-curl glows; small lotus flower and sparkles.

Square 1:1 image, the character centered and filling about 80% of the frame with even empty margin on all sides. One clear pose and at most one or two props, with a bold simple silhouette that stays readable at 48×48 pixels.

Flat vector sticker style, clean dark outline of uniform weight, soft cel-shading.

Pure plain white background. No text, letters, numbers or logos anywhere. No purple, violet, lavender or lilac anywhere. No frame, border, badge, circle or colored backdrop behind the character, and no shadow on the ground."
"90","pilates","pilates.png","A","wellness","پیلاتس","Same mascot as the reference image, identical design, colors and line style: chubby cream-white creature, orange curly hair with a heart-shaped curl on top, big glossy dark eyes, rose-pink cheeks, pink apron, makeup brush behind the ear.

Scene: Full-body balanced smile, sitting on a big aqua pilates ball with one leg raised and arms out; light motion arcs and a sparkle.

Square 1:1 image, the character centered and filling about 80% of the frame with even empty margin on all sides. One clear pose and at most one or two props, with a bold simple silhouette that stays readable at 48×48 pixels.

Flat vector sticker style, clean dark outline of uniform weight, soft cel-shading.

Pure plain white background. No text, letters, numbers or logos anywhere. No purple, violet, lavender or lilac anywhere. No frame, border, badge, circle or colored backdrop behind the character, and no shadow on the ground."
"91","fitness","fitness.png","A","wellness","تناسب اندام","Same mascot as the reference image, identical design, colors and line style: chubby cream-white creature, orange curly hair with a heart-shaped curl on top, big glossy dark eyes, rose-pink cheeks, pink apron, makeup brush behind the ear.

Scene: Half-body, determined happy grin with one sweat drop. It lifts a small pink dumbbell with a visible small muscle bump; motion lines.

Square 1:1 image, the character centered and filling about 80% of the frame with even empty margin on all sides. One clear pose and at most one or two props, with a bold simple silhouette that stays readable at 48×48 pixels.

Flat vector sticker style, clean dark outline of uniform weight, soft cel-shading.

Pure plain white background. No text, letters, numbers or logos anywhere. No purple, violet, lavender or lilac anywhere. No frame, border, badge, circle or colored backdrop behind the character, and no shadow on the ground."
"92","meditation","meditation.png","A","wellness","مدیتیشن","Same mascot as the reference image, identical design, colors and line style: chubby cream-white creature, orange curly hair with a heart-shaped curl on top, big glossy dark eyes, rose-pink cheeks, pink apron, makeup brush behind the ear.

Scene: Full-body, cross-legged, eyes softly closed with a calm smile, a warm glowing orb of light over its lap and a few floating sparkles and a lotus; peaceful aura rings.

Square 1:1 image, the character centered and filling about 80% of the frame with even empty margin on all sides. One clear pose and at most one or two props, with a bold simple silhouette that stays readable at 48×48 pixels.

Flat vector sticker style, clean dark outline of uniform weight, soft cel-shading.

Pure plain white background. No text, letters, numbers or logos anywhere. No purple, violet, lavender or lilac anywhere. No frame, border, badge, circle or colored backdrop behind the character, and no shadow on the ground."
"93","nutrition","nutrition.png","A","wellness","تغذیه و رژیم","Same mascot as the reference image, identical design, colors and line style: chubby cream-white creature, orange curly hair with a heart-shaped curl on top, big glossy dark eyes, rose-pink cheeks, pink apron, makeup brush behind the ear.

Scene: Half-body, happy chewing face. It holds a green bowl of fresh fruit (strawberry, orange slice, kiwi, apple) and a salad leaf; tiny sparkles.

Square 1:1 image, the character centered and filling about 80% of the frame with even empty margin on all sides. One clear pose and at most one or two props, with a bold simple silhouette that stays readable at 48×48 pixels.

Flat vector sticker style, clean dark outline of uniform weight, soft cel-shading.

Pure plain white background. No text, letters, numbers or logos anywhere. No purple, violet, lavender or lilac anywhere. No frame, border, badge, circle or colored backdrop behind the character, and no shadow on the ground."
"94","physio","physio.png","A","wellness","فیزیوتراپی","Same mascot as the reference image, identical design, colors and line style: chubby cream-white creature, orange curly hair with a heart-shaped curl on top, big glossy dark eyes, rose-pink cheeks, pink apron, makeup brush behind the ear.

Scene: Half-body, supportive coach face. It stretches an orange resistance band across both hands; a small anatomical-friendly bone-with-sparkle icon; sports headband on the heart-curl.

Square 1:1 image, the character centered and filling about 80% of the frame with even empty margin on all sides. One clear pose and at most one or two props, with a bold simple silhouette that stays readable at 48×48 pixels.

Flat vector sticker style, clean dark outline of uniform weight, soft cel-shading.

Pure plain white background. No text, letters, numbers or logos anywhere. No purple, violet, lavender or lilac anywhere. No frame, border, badge, circle or colored backdrop behind the character, and no shadow on the ground."
"95","counseling","counseling.png","A","wellness","مشاوره روان‌شناسی","Same mascot as the reference image, identical design, colors and line style: chubby cream-white creature, orange curly hair with a heart-shaped curl on top, big glossy dark eyes, rose-pink cheeks, pink apron, makeup brush behind the ear.

Scene: Half-body, kind listening smile, sitting in a soft armchair with a notepad and a pen; two overlapping speech bubbles with a heart and a sparkle; a cosy small plant.

Square 1:1 image, the character centered and filling about 80% of the frame with even empty margin on all sides. One clear pose and at most one or two props, with a bold simple silhouette that stays readable at 48×48 pixels.

Flat vector sticker style, clean dark outline of uniform weight, soft cel-shading.

Pure plain white background. No text, letters, numbers or logos anywhere. No purple, violet, lavender or lilac anywhere. No frame, border, badge, circle or colored backdrop behind the character, and no shadow on the ground."
"96","rejuvenation","rejuvenation.png","A","general","جوانسازی","Same mascot as the reference image, identical design, colors and line style: chubby cream-white creature, orange curly hair with a heart-shaped curl on top, big glossy dark eyes, rose-pink cheeks, pink apron, makeup brush behind the ear.

Scene: Half-body, glowing refreshed face, rosy cheeks and a bright shine on forehead; a spiral of sparkles unwinding like time turning back with a small hourglass-with-heart; tiny sprout leaf.

Square 1:1 image, the character centered and filling about 80% of the frame with even empty margin on all sides. One clear pose and at most one or two props, with a bold simple silhouette that stays readable at 48×48 pixels.

Flat vector sticker style, clean dark outline of uniform weight, soft cel-shading.

Pure plain white background. No text, letters, numbers or logos anywhere. No purple, violet, lavender or lilac anywhere. No frame, border, badge, circle or colored backdrop behind the character, and no shadow on the ground."
"97","mirror","mirror.png","A","general","آینه","Same mascot as the reference image, identical design, colors and line style: chubby cream-white creature, orange curly hair with a heart-shaped curl on top, big glossy dark eyes, rose-pink cheeks, pink apron, makeup brush behind the ear.

Scene: Half-body, admiring happy face looking into a round gold hand mirror in which a mini reflection (sparkling eyes) is seen; a glint on the glass.

Square 1:1 image, the character centered and filling about 80% of the frame with even empty margin on all sides. One clear pose and at most one or two props, with a bold simple silhouette that stays readable at 48×48 pixels.

Flat vector sticker style, clean dark outline of uniform weight, soft cel-shading.

Pure plain white background. No text, letters, numbers or logos anywhere. No purple, violet, lavender or lilac anywhere. No frame, border, badge, circle or colored backdrop behind the character, and no shadow on the ground."
"98","consult","consult.png","A","general","مشاوره","Same mascot as the reference image, identical design, colors and line style: chubby cream-white creature, orange curly hair with a heart-shaped curl on top, big glossy dark eyes, rose-pink cheeks, pink apron, makeup brush behind the ear.

Scene: Half-body, friendly talkative face with a speech bubble containing a heart and a small check mark; a notepad and pen in hand; a plain question-free calm look.

Square 1:1 image, the character centered and filling about 80% of the frame with even empty margin on all sides. One clear pose and at most one or two props, with a bold simple silhouette that stays readable at 48×48 pixels.

Flat vector sticker style, clean dark outline of uniform weight, soft cel-shading.

Pure plain white background. No text, letters, numbers or logos anywhere. No purple, violet, lavender or lilac anywhere. No frame, border, badge, circle or colored backdrop behind the character, and no shadow on the ground."
"99","gift","gift.png","A","general","هدیه","Same mascot as the reference image, identical design, colors and line style: chubby cream-white creature, orange curly hair with a heart-shaped curl on top, big glossy dark eyes, rose-pink cheeks, pink apron, makeup brush behind the ear.

Scene: Half-body, delighted surprised face. It holds a big gift box in pink with a gold ribbon bow, lid slightly lifted with sparkles popping out; confetti.

Square 1:1 image, the character centered and filling about 80% of the frame with even empty margin on all sides. One clear pose and at most one or two props, with a bold simple silhouette that stays readable at 48×48 pixels.

Flat vector sticker style, clean dark outline of uniform weight, soft cel-shading.

Pure plain white background. No text, letters, numbers or logos anywhere. No purple, violet, lavender or lilac anywhere. No frame, border, badge, circle or colored backdrop behind the character, and no shadow on the ground."
"100","vip","vip.png","A","general","ویژه","Same mascot as the reference image, identical design, colors and line style: chubby cream-white creature, orange curly hair with a heart-shaped curl on top, big glossy dark eyes, rose-pink cheeks, pink apron, makeup brush behind the ear.

Scene: Half-body, cool proud face wearing round gold sunglasses and a shiny gold star badge on the apron; a velvet-rope shape at one side; golden sparkles.

Square 1:1 image, the character centered and filling about 80% of the frame with even empty margin on all sides. One clear pose and at most one or two props, with a bold simple silhouette that stays readable at 48×48 pixels.

Flat vector sticker style, clean dark outline of uniform weight, soft cel-shading.

Pure plain white background. No text, letters, numbers or logos anywhere. No purple, violet, lavender or lilac anywhere. No frame, border, badge, circle or colored backdrop behind the character, and no shadow on the ground."
"101","sparkles","sparkles.png","A","general","درخشش","Same mascot as the reference image, identical design, colors and line style: chubby cream-white creature, orange curly hair with a heart-shaped curl on top, big glossy dark eyes, rose-pink cheeks, pink apron, makeup brush behind the ear.

Scene: Half-body, wonder-filled huge eyes, hands raised open; many sparkles of varied sizes (gold, pink, white) burst around in a ring.

Square 1:1 image, the character centered and filling about 80% of the frame with even empty margin on all sides. One clear pose and at most one or two props, with a bold simple silhouette that stays readable at 48×48 pixels.

Flat vector sticker style, clean dark outline of uniform weight, soft cel-shading.

Pure plain white background. No text, letters, numbers or logos anywhere. No purple, violet, lavender or lilac anywhere. No frame, border, badge, circle or colored backdrop behind the character, and no shadow on the ground."
"102","heart","heart.png","A","general","علاقه‌مندی","Same mascot as the reference image, identical design, colors and line style: chubby cream-white creature, orange curly hair with a heart-shaped curl on top, big glossy dark eyes, rose-pink cheeks, pink apron, makeup brush behind the ear.

Scene: Half-body hugging a big glossy pink heart tightly with closed happy eyes and blushing cheeks; smaller hearts float up.

Square 1:1 image, the character centered and filling about 80% of the frame with even empty margin on all sides. One clear pose and at most one or two props, with a bold simple silhouette that stays readable at 48×48 pixels.

Flat vector sticker style, clean dark outline of uniform weight, soft cel-shading.

Pure plain white background. No text, letters, numbers or logos anywhere. No purple, violet, lavender or lilac anywhere. No frame, border, badge, circle or colored backdrop behind the character, and no shadow on the ground."
"103","rose","rose.png","A","general","گل رز","Same mascot as the reference image, identical design, colors and line style: chubby cream-white creature, orange curly hair with a heart-shaped curl on top, big glossy dark eyes, rose-pink cheeks, pink apron, makeup brush behind the ear.

Scene: Half-body, shy blush. It holds one long-stem red-pink rose with two green leaves in both hands near its chest; a petal falls; tiny sparkles.

Square 1:1 image, the character centered and filling about 80% of the frame with even empty margin on all sides. One clear pose and at most one or two props, with a bold simple silhouette that stays readable at 48×48 pixels.

Flat vector sticker style, clean dark outline of uniform weight, soft cel-shading.

Pure plain white background. No text, letters, numbers or logos anywhere. No purple, violet, lavender or lilac anywhere. No frame, border, badge, circle or colored backdrop behind the character, and no shadow on the ground."
"104","photoshoot","photoshoot.png","A","general","عکاسی","Same mascot as the reference image, identical design, colors and line style: chubby cream-white creature, orange curly hair with a heart-shaped curl on top, big glossy dark eyes, rose-pink cheeks, pink apron, makeup brush behind the ear.

Scene: Half-body, fun pose with a wink and a V hand sign; a small camera on a strap in front, a white flash burst and a round reflector disc behind.

Square 1:1 image, the character centered and filling about 80% of the frame with even empty margin on all sides. One clear pose and at most one or two props, with a bold simple silhouette that stays readable at 48×48 pixels.

Flat vector sticker style, clean dark outline of uniform weight, soft cel-shading.

Pure plain white background. No text, letters, numbers or logos anywhere. No purple, violet, lavender or lilac anywhere. No frame, border, badge, circle or colored backdrop behind the character, and no shadow on the ground."
"105","training","training.png","A","general","آموزش","Same mascot as the reference image, identical design, colors and line style: chubby cream-white creature, orange curly hair with a heart-shaped curl on top, big glossy dark eyes, rose-pink cheeks, pink apron, makeup brush behind the ear.

Scene: Half-body, teacher pose with round glasses and a mini graduation cap on the heart-curl. It points a stick at a small blackboard showing a drawn heart and star; a stack of books beside.

Square 1:1 image, the character centered and filling about 80% of the frame with even empty margin on all sides. One clear pose and at most one or two props, with a bold simple silhouette that stays readable at 48×48 pixels.

Flat vector sticker style, clean dark outline of uniform weight, soft cel-shading.

Pure plain white background. No text, letters, numbers or logos anywhere. No purple, violet, lavender or lilac anywhere. No frame, border, badge, circle or colored backdrop behind the character, and no shadow on the ground."
"106","home_service","home_service.png","A","general","خدمات در محل","Same mascot as the reference image, identical design, colors and line style: chubby cream-white creature, orange curly hair with a heart-shaped curl on top, big glossy dark eyes, rose-pink cheeks, pink apron, makeup brush behind the ear.

Scene: Full-body, friendly wave with one hand while pulling a pink rolling beauty-kit suitcase with a hair dryer handle sticking out; a tiny house with a heart door behind; small location-pin sparkle.

Square 1:1 image, the character centered and filling about 80% of the frame with even empty margin on all sides. One clear pose and at most one or two props, with a bold simple silhouette that stays readable at 48×48 pixels.

Flat vector sticker style, clean dark outline of uniform weight, soft cel-shading.

Pure plain white background. No text, letters, numbers or logos anywhere. No purple, violet, lavender or lilac anywhere. No frame, border, badge, circle or colored backdrop behind the character, and no shadow on the ground."
"107","discount","discount.png","A","general","تخفیف","Same mascot as the reference image, identical design, colors and line style: chubby cream-white creature, orange curly hair with a heart-shaped curl on top, big glossy dark eyes, rose-pink cheeks, pink apron, makeup brush behind the ear.

Scene: Half-body, cheerful big grin. It holds up a big round gold price-tag shaped like a percent sign badge (just the % symbol drawn as shapes), ribbon string, confetti.

Square 1:1 image, the character centered and filling about 80% of the frame with even empty margin on all sides. One clear pose and at most one or two props, with a bold simple silhouette that stays readable at 48×48 pixels.

Flat vector sticker style, clean dark outline of uniform weight, soft cel-shading.

Pure plain white background. No text, letters, numbers or logos anywhere. No purple, violet, lavender or lilac anywhere. No frame, border, badge, circle or colored backdrop behind the character, and no shadow on the ground."
"108","kids_care","kids_care.png","A","general","ویژه کودکان","Same mascot as the reference image, identical design, colors and line style: chubby cream-white creature, orange curly hair with a heart-shaped curl on top, big glossy dark eyes, rose-pink cheeks, pink apron, makeup brush behind the ear.

Scene: A smaller baby-sized mascot with big head, holding a balloon and a teddy bear, a small party hat; a rattle at its side; extra-round soft look; sparkles.

Square 1:1 image, the character centered and filling about 80% of the frame with even empty margin on all sides. One clear pose and at most one or two props, with a bold simple silhouette that stays readable at 48×48 pixels.

Flat vector sticker style, clean dark outline of uniform weight, soft cel-shading.

Pure plain white background. No text, letters, numbers or logos anywhere. No purple, violet, lavender or lilac anywhere. No frame, border, badge, circle or colored backdrop behind the character, and no shadow on the ground."
"109","express","express.png","A","general","سریع و فوری","Same mascot as the reference image, identical design, colors and line style: chubby cream-white creature, orange curly hair with a heart-shaped curl on top, big glossy dark eyes, rose-pink cheeks, pink apron, makeup brush behind the ear.

Scene: Full-body running fast with a little tongue-out determination, speed lines behind, holding a small yellow stopwatch with a lightning bolt on it; a puff of dust at the feet.

Square 1:1 image, the character centered and filling about 80% of the frame with even empty margin on all sides. One clear pose and at most one or two props, with a bold simple silhouette that stays readable at 48×48 pixels.

Flat vector sticker style, clean dark outline of uniform weight, soft cel-shading.

Pure plain white background. No text, letters, numbers or logos anywhere. No purple, violet, lavender or lilac anywhere. No frame, border, badge, circle or colored backdrop behind the character, and no shadow on the ground."
"110","empty_bookings","empty_bookings.png","B","empty","هنوز رزروی ندارم","Same mascot as the reference image, identical design, colors and line style: chubby cream-white creature, orange curly hair with a heart-shaped curl on top, big glossy dark eyes, rose-pink cheeks, pink apron, makeup brush behind the ear.

Scene: Full-body, curious head tilt, holding an empty open calendar page with a big soft question-free blank grid and a small pencil; a few pale sparkles. Friendly, not sad.

Square 1:1 image, the character centered and filling about 80% of the frame with even empty margin on all sides. One clear pose and at most one or two props, with a bold simple silhouette that stays readable at 48×48 pixels.

Flat vector sticker style, clean dark outline of uniform weight, soft cel-shading.

Pure plain white background. No text, letters, numbers or logos anywhere. No purple, violet, lavender or lilac anywhere. No frame, border, badge, circle or colored backdrop behind the character, and no shadow on the ground."
"111","empty_salons","empty_salons.png","B","empty","سالنی پیدا نشد","Same mascot as the reference image, identical design, colors and line style: chubby cream-white creature, orange curly hair with a heart-shaped curl on top, big glossy dark eyes, rose-pink cheeks, pink apron, makeup brush behind the ear.

Scene: Half-body with a big magnifying glass in front of one eye, searching a tiny empty city skyline of three shop fronts; small dotted trail lines.

Square 1:1 image, the character centered and filling about 80% of the frame with even empty margin on all sides. One clear pose and at most one or two props, with a bold simple silhouette that stays readable at 48×48 pixels.

Flat vector sticker style, clean dark outline of uniform weight, soft cel-shading.

Pure plain white background. No text, letters, numbers or logos anywhere. No purple, violet, lavender or lilac anywhere. No frame, border, badge, circle or colored backdrop behind the character, and no shadow on the ground."
"112","empty_posts","empty_posts.png","B","empty","هنوز نمونه‌کاری نیست","Same mascot as the reference image, identical design, colors and line style: chubby cream-white creature, orange curly hair with a heart-shaped curl on top, big glossy dark eyes, rose-pink cheeks, pink apron, makeup brush behind the ear.

Scene: Half-body holding up an empty picture frame and a camera; a dotted rectangle in the frame where a photo will go; a small plus sparkle.

Square 1:1 image, the character centered and filling about 80% of the frame with even empty margin on all sides. One clear pose and at most one or two props, with a bold simple silhouette that stays readable at 48×48 pixels.

Flat vector sticker style, clean dark outline of uniform weight, soft cel-shading.

Pure plain white background. No text, letters, numbers or logos anywhere. No purple, violet, lavender or lilac anywhere. No frame, border, badge, circle or colored backdrop behind the character, and no shadow on the ground."
"113","empty_customers","empty_customers.png","B","empty","هنوز مشتری ندارم","Same mascot as the reference image, identical design, colors and line style: chubby cream-white creature, orange curly hair with a heart-shaped curl on top, big glossy dark eyes, rose-pink cheeks, pink apron, makeup brush behind the ear.

Scene: Full-body standing at a small empty reception desk with a bell and an open guest book; waving hopefully towards the right.

Square 1:1 image, the character centered and filling about 80% of the frame with even empty margin on all sides. One clear pose and at most one or two props, with a bold simple silhouette that stays readable at 48×48 pixels.

Flat vector sticker style, clean dark outline of uniform weight, soft cel-shading.

Pure plain white background. No text, letters, numbers or logos anywhere. No purple, violet, lavender or lilac anywhere. No frame, border, badge, circle or colored backdrop behind the character, and no shadow on the ground."
"114","empty_staff","empty_staff.png","B","empty","تیمی نیست","Same mascot as the reference image, identical design, colors and line style: chubby cream-white creature, orange curly hair with a heart-shaped curl on top, big glossy dark eyes, rose-pink cheeks, pink apron, makeup brush behind the ear.

Scene: Full-body, welcoming open arms next to three empty cosy chairs with name cards (blank) and a heart; invites others.

Square 1:1 image, the character centered and filling about 80% of the frame with even empty margin on all sides. One clear pose and at most one or two props, with a bold simple silhouette that stays readable at 48×48 pixels.

Flat vector sticker style, clean dark outline of uniform weight, soft cel-shading.

Pure plain white background. No text, letters, numbers or logos anywhere. No purple, violet, lavender or lilac anywhere. No frame, border, badge, circle or colored backdrop behind the character, and no shadow on the ground."
"115","empty_services","empty_services.png","B","empty","خدمتی ثبت نشده","Same mascot as the reference image, identical design, colors and line style: chubby cream-white creature, orange curly hair with a heart-shaped curl on top, big glossy dark eyes, rose-pink cheeks, pink apron, makeup brush behind the ear.

Scene: Half-body with an open empty menu card and a pen, thinking pose; small scissors, brush and lipstick outlines floating around as ideas.

Square 1:1 image, the character centered and filling about 80% of the frame with even empty margin on all sides. One clear pose and at most one or two props, with a bold simple silhouette that stays readable at 48×48 pixels.

Flat vector sticker style, clean dark outline of uniform weight, soft cel-shading.

Pure plain white background. No text, letters, numbers or logos anywhere. No purple, violet, lavender or lilac anywhere. No frame, border, badge, circle or colored backdrop behind the character, and no shadow on the ground."
"116","empty_invites","empty_invites.png","B","empty","دعوتی نداری","Same mascot as the reference image, identical design, colors and line style: chubby cream-white creature, orange curly hair with a heart-shaped curl on top, big glossy dark eyes, rose-pink cheeks, pink apron, makeup brush behind the ear.

Scene: Half-body peeking into an empty open mailbox with a little flag up; a tiny envelope-shaped sparkle floating far away.

Square 1:1 image, the character centered and filling about 80% of the frame with even empty margin on all sides. One clear pose and at most one or two props, with a bold simple silhouette that stays readable at 48×48 pixels.

Flat vector sticker style, clean dark outline of uniform weight, soft cel-shading.

Pure plain white background. No text, letters, numbers or logos anywhere. No purple, violet, lavender or lilac anywhere. No frame, border, badge, circle or colored backdrop behind the character, and no shadow on the ground."
"117","empty_notifications","empty_notifications.png","B","empty","اعلانی نیست","Same mascot as the reference image, identical design, colors and line style: chubby cream-white creature, orange curly hair with a heart-shaped curl on top, big glossy dark eyes, rose-pink cheeks, pink apron, makeup brush behind the ear.

Scene: Half-body hugging a sleeping bell that has tiny 'zzz' shapes, calm closed eyes.

Square 1:1 image, the character centered and filling about 80% of the frame with even empty margin on all sides. One clear pose and at most one or two props, with a bold simple silhouette that stays readable at 48×48 pixels.

Flat vector sticker style, clean dark outline of uniform weight, soft cel-shading.

Pure plain white background. No text, letters, numbers or logos anywhere. No purple, violet, lavender or lilac anywhere. No frame, border, badge, circle or colored backdrop behind the character, and no shadow on the ground."
"118","empty_search","empty_search.png","B","empty","نتیجه‌ای پیدا نشد","Same mascot as the reference image, identical design, colors and line style: chubby cream-white creature, orange curly hair with a heart-shaped curl on top, big glossy dark eyes, rose-pink cheeks, pink apron, makeup brush behind the ear.

Scene: Half-body with a magnifier and a small shrug, one eyebrow up, a tiny dust puff where the result should be; honest, gentle expression.

Square 1:1 image, the character centered and filling about 80% of the frame with even empty margin on all sides. One clear pose and at most one or two props, with a bold simple silhouette that stays readable at 48×48 pixels.

Flat vector sticker style, clean dark outline of uniform weight, soft cel-shading.

Pure plain white background. No text, letters, numbers or logos anywhere. No purple, violet, lavender or lilac anywhere. No frame, border, badge, circle or colored backdrop behind the character, and no shadow on the ground."
"119","empty_saved","empty_saved.png","B","empty","ذخیره‌شده‌ای نیست","Same mascot as the reference image, identical design, colors and line style: chubby cream-white creature, orange curly hair with a heart-shaped curl on top, big glossy dark eyes, rose-pink cheeks, pink apron, makeup brush behind the ear.

Scene: Half-body holding an empty bookmark ribbon and a heart outline, looking at it hopeful; small sparkles.

Square 1:1 image, the character centered and filling about 80% of the frame with even empty margin on all sides. One clear pose and at most one or two props, with a bold simple silhouette that stays readable at 48×48 pixels.

Flat vector sticker style, clean dark outline of uniform weight, soft cel-shading.

Pure plain white background. No text, letters, numbers or logos anywhere. No purple, violet, lavender or lilac anywhere. No frame, border, badge, circle or colored backdrop behind the character, and no shadow on the ground."
"120","booking_pending","booking_pending.png","B","status","در انتظار تأیید","Same mascot as the reference image, identical design, colors and line style: chubby cream-white creature, orange curly hair with a heart-shaped curl on top, big glossy dark eyes, rose-pink cheeks, pink apron, makeup brush behind the ear.

Scene: Full-body sitting patiently with a small hourglass in its lap, hands folded, a soft hopeful smile; a clock-face sparkle.

Square 1:1 image, the character centered and filling about 80% of the frame with even empty margin on all sides. One clear pose and at most one or two props, with a bold simple silhouette that stays readable at 48×48 pixels.

Flat vector sticker style, clean dark outline of uniform weight, soft cel-shading.

Pure plain white background. No text, letters, numbers or logos anywhere. No purple, violet, lavender or lilac anywhere. No frame, border, badge, circle or colored backdrop behind the character, and no shadow on the ground."
"121","booking_confirmed","booking_confirmed.png","B","status","رزرو تأیید شد","Same mascot as the reference image, identical design, colors and line style: chubby cream-white creature, orange curly hair with a heart-shaped curl on top, big glossy dark eyes, rose-pink cheeks, pink apron, makeup brush behind the ear.

Scene: Full-body jumping with joy, one fist up, holding a calendar page with a big green check mark; confetti and hearts.

Square 1:1 image, the character centered and filling about 80% of the frame with even empty margin on all sides. One clear pose and at most one or two props, with a bold simple silhouette that stays readable at 48×48 pixels.

Flat vector sticker style, clean dark outline of uniform weight, soft cel-shading.

Pure plain white background. No text, letters, numbers or logos anywhere. No purple, violet, lavender or lilac anywhere. No frame, border, badge, circle or colored backdrop behind the character, and no shadow on the ground."
"122","booking_cancelled","booking_cancelled.png","B","status","رزرو لغو شد","Same mascot as the reference image, identical design, colors and line style: chubby cream-white creature, orange curly hair with a heart-shaped curl on top, big glossy dark eyes, rose-pink cheeks, pink apron, makeup brush behind the ear.

Scene: Half-body, gentle sorry face, holding a calendar page with a soft grey X mark; a tiny cloud above; not dramatic.

Square 1:1 image, the character centered and filling about 80% of the frame with even empty margin on all sides. One clear pose and at most one or two props, with a bold simple silhouette that stays readable at 48×48 pixels.

Flat vector sticker style, clean dark outline of uniform weight, soft cel-shading.

Pure plain white background. No text, letters, numbers or logos anywhere. No purple, violet, lavender or lilac anywhere. No frame, border, badge, circle or colored backdrop behind the character, and no shadow on the ground."
"123","booking_expired","booking_expired.png","B","status","رزرو منقضی شد","Same mascot as the reference image, identical design, colors and line style: chubby cream-white creature, orange curly hair with a heart-shaped curl on top, big glossy dark eyes, rose-pink cheeks, pink apron, makeup brush behind the ear.

Scene: Half-body, surprised face, holding an hourglass with all sand run out and an alarm clock with tiny wings flying away.

Square 1:1 image, the character centered and filling about 80% of the frame with even empty margin on all sides. One clear pose and at most one or two props, with a bold simple silhouette that stays readable at 48×48 pixels.

Flat vector sticker style, clean dark outline of uniform weight, soft cel-shading.

Pure plain white background. No text, letters, numbers or logos anywhere. No purple, violet, lavender or lilac anywhere. No frame, border, badge, circle or colored backdrop behind the character, and no shadow on the ground."
"124","booking_done","booking_done.png","B","status","نوبت انجام شد","Same mascot as the reference image, identical design, colors and line style: chubby cream-white creature, orange curly hair with a heart-shaped curl on top, big glossy dark eyes, rose-pink cheeks, pink apron, makeup brush behind the ear.

Scene: Full-body, satisfied happy face with a mirror showing the fresh result, one thumb up, sparkles around the head.

Square 1:1 image, the character centered and filling about 80% of the frame with even empty margin on all sides. One clear pose and at most one or two props, with a bold simple silhouette that stays readable at 48×48 pixels.

Flat vector sticker style, clean dark outline of uniform weight, soft cel-shading.

Pure plain white background. No text, letters, numbers or logos anywhere. No purple, violet, lavender or lilac anywhere. No frame, border, badge, circle or colored backdrop behind the character, and no shadow on the ground."
"125","booking_rebook","booking_rebook.png","B","status","رزرو دوباره","Same mascot as the reference image, identical design, colors and line style: chubby cream-white creature, orange curly hair with a heart-shaped curl on top, big glossy dark eyes, rose-pink cheeks, pink apron, makeup brush behind the ear.

Scene: Half-body, playful wink, holding a calendar page with a circular refresh arrow made of sparkles.

Square 1:1 image, the character centered and filling about 80% of the frame with even empty margin on all sides. One clear pose and at most one or two props, with a bold simple silhouette that stays readable at 48×48 pixels.

Flat vector sticker style, clean dark outline of uniform weight, soft cel-shading.

Pure plain white background. No text, letters, numbers or logos anywhere. No purple, violet, lavender or lilac anywhere. No frame, border, badge, circle or colored backdrop behind the character, and no shadow on the ground."
"126","thank_you","thank_you.png","B","status","ممنون","Same mascot as the reference image, identical design, colors and line style: chubby cream-white creature, orange curly hair with a heart-shaped curl on top, big glossy dark eyes, rose-pink cheeks, pink apron, makeup brush behind the ear.

Scene: Half-body, hands pressed together at the chest, a slight bow, rosy cheeks and a warm closed-eye smile; small hearts rise.

Square 1:1 image, the character centered and filling about 80% of the frame with even empty margin on all sides. One clear pose and at most one or two props, with a bold simple silhouette that stays readable at 48×48 pixels.

Flat vector sticker style, clean dark outline of uniform weight, soft cel-shading.

Pure plain white background. No text, letters, numbers or logos anywhere. No purple, violet, lavender or lilac anywhere. No frame, border, badge, circle or colored backdrop behind the character, and no shadow on the ground."
"127","post_published","post_published.png","B","status","پست منتشر شد","Same mascot as the reference image, identical design, colors and line style: chubby cream-white creature, orange curly hair with a heart-shaped curl on top, big glossy dark eyes, rose-pink cheeks, pink apron, makeup brush behind the ear.

Scene: Half-body holding a framed photo high with a sparkly shine and a rocket-less star burst; proud open-mouth smile.

Square 1:1 image, the character centered and filling about 80% of the frame with even empty margin on all sides. One clear pose and at most one or two props, with a bold simple silhouette that stays readable at 48×48 pixels.

Flat vector sticker style, clean dark outline of uniform weight, soft cel-shading.

Pure plain white background. No text, letters, numbers or logos anywhere. No purple, violet, lavender or lilac anywhere. No frame, border, badge, circle or colored backdrop behind the character, and no shadow on the ground."
"128","profile_complete","profile_complete.png","B","status","پروفایل کامل شد","Same mascot as the reference image, identical design, colors and line style: chubby cream-white creature, orange curly hair with a heart-shaped curl on top, big glossy dark eyes, rose-pink cheeks, pink apron, makeup brush behind the ear.

Scene: Full-body with a small gold medal ribbon on its apron, standing tall with hands on hips and a proud grin; confetti.

Square 1:1 image, the character centered and filling about 80% of the frame with even empty margin on all sides. One clear pose and at most one or two props, with a bold simple silhouette that stays readable at 48×48 pixels.

Flat vector sticker style, clean dark outline of uniform weight, soft cel-shading.

Pure plain white background. No text, letters, numbers or logos anywhere. No purple, violet, lavender or lilac anywhere. No frame, border, badge, circle or colored backdrop behind the character, and no shadow on the ground."
"129","followed","followed.png","B","status","دنبال کردی","Same mascot as the reference image, identical design, colors and line style: chubby cream-white creature, orange curly hair with a heart-shaped curl on top, big glossy dark eyes, rose-pink cheeks, pink apron, makeup brush behind the ear.

Scene: Half-body hugging a heart with a small plus-turning-into-check sparkle; shy happy smile.

Square 1:1 image, the character centered and filling about 80% of the frame with even empty margin on all sides. One clear pose and at most one or two props, with a bold simple silhouette that stays readable at 48×48 pixels.

Flat vector sticker style, clean dark outline of uniform weight, soft cel-shading.

Pure plain white background. No text, letters, numbers or logos anywhere. No purple, violet, lavender or lilac anywhere. No frame, border, badge, circle or colored backdrop behind the character, and no shadow on the ground."
"130","error_generic","error_generic.png","B","errors","خطایی پیش آمد","Same mascot as the reference image, identical design, colors and line style: chubby cream-white creature, orange curly hair with a heart-shaped curl on top, big glossy dark eyes, rose-pink cheeks, pink apron, makeup brush behind the ear.

Scene: Half-body, sheepish apologetic smile, a bandage on the heart-curl, holding a tiny wrench; a small spark from a loose plug; friendly not scary.

Square 1:1 image, the character centered and filling about 80% of the frame with even empty margin on all sides. One clear pose and at most one or two props, with a bold simple silhouette that stays readable at 48×48 pixels.

Flat vector sticker style, clean dark outline of uniform weight, soft cel-shading.

Pure plain white background. No text, letters, numbers or logos anywhere. No purple, violet, lavender or lilac anywhere. No frame, border, badge, circle or colored backdrop behind the character, and no shadow on the ground."
"131","error_offline","error_offline.png","B","errors","اینترنت قطع است","Same mascot as the reference image, identical design, colors and line style: chubby cream-white creature, orange curly hair with a heart-shaped curl on top, big glossy dark eyes, rose-pink cheeks, pink apron, makeup brush behind the ear.

Scene: Full-body holding a wifi-shaped sparkle arc that is broken with a gap, a small unplugged cable in the other hand, puzzled face.

Square 1:1 image, the character centered and filling about 80% of the frame with even empty margin on all sides. One clear pose and at most one or two props, with a bold simple silhouette that stays readable at 48×48 pixels.

Flat vector sticker style, clean dark outline of uniform weight, soft cel-shading.

Pure plain white background. No text, letters, numbers or logos anywhere. No purple, violet, lavender or lilac anywhere. No frame, border, badge, circle or colored backdrop behind the character, and no shadow on the ground."
"132","error_404","error_404.png","B","errors","صفحه پیدا نشد","Same mascot as the reference image, identical design, colors and line style: chubby cream-white creature, orange curly hair with a heart-shaped curl on top, big glossy dark eyes, rose-pink cheeks, pink apron, makeup brush behind the ear.

Scene: Full-body lost with a map held upside down and a magnifier, confused eyes spiral, a small signpost with arrows.

Square 1:1 image, the character centered and filling about 80% of the frame with even empty margin on all sides. One clear pose and at most one or two props, with a bold simple silhouette that stays readable at 48×48 pixels.

Flat vector sticker style, clean dark outline of uniform weight, soft cel-shading.

Pure plain white background. No text, letters, numbers or logos anywhere. No purple, violet, lavender or lilac anywhere. No frame, border, badge, circle or colored backdrop behind the character, and no shadow on the ground."
"133","error_private","error_private.png","B","errors","این پروفایل خصوصی است","Same mascot as the reference image, identical design, colors and line style: chubby cream-white creature, orange curly hair with a heart-shaped curl on top, big glossy dark eyes, rose-pink cheeks, pink apron, makeup brush behind the ear.

Scene: Half-body hugging a pink padlock with a heart keyhole, one hand over its mouth in a shh gesture; kind, secretive wink.

Square 1:1 image, the character centered and filling about 80% of the frame with even empty margin on all sides. One clear pose and at most one or two props, with a bold simple silhouette that stays readable at 48×48 pixels.

Flat vector sticker style, clean dark outline of uniform weight, soft cel-shading.

Pure plain white background. No text, letters, numbers or logos anywhere. No purple, violet, lavender or lilac anywhere. No frame, border, badge, circle or colored backdrop behind the character, and no shadow on the ground."
"134","error_login","error_login.png","B","errors","وارد شو","Same mascot as the reference image, identical design, colors and line style: chubby cream-white creature, orange curly hair with a heart-shaped curl on top, big glossy dark eyes, rose-pink cheeks, pink apron, makeup brush behind the ear.

Scene: Full-body holding a big golden key and opening a small door shaped like a heart; invites with a friendly wave.

Square 1:1 image, the character centered and filling about 80% of the frame with even empty margin on all sides. One clear pose and at most one or two props, with a bold simple silhouette that stays readable at 48×48 pixels.

Flat vector sticker style, clean dark outline of uniform weight, soft cel-shading.

Pure plain white background. No text, letters, numbers or logos anywhere. No purple, violet, lavender or lilac anywhere. No frame, border, badge, circle or colored backdrop behind the character, and no shadow on the ground."
"135","error_rate_limit","error_rate_limit.png","B","errors","کمی صبر کن","Same mascot as the reference image, identical design, colors and line style: chubby cream-white creature, orange curly hair with a heart-shaped curl on top, big glossy dark eyes, rose-pink cheeks, pink apron, makeup brush behind the ear.

Scene: Half-body holding a small stop-paw hand gesture and a big hourglass; calm patient smile; tiny sweat drop.

Square 1:1 image, the character centered and filling about 80% of the frame with even empty margin on all sides. One clear pose and at most one or two props, with a bold simple silhouette that stays readable at 48×48 pixels.

Flat vector sticker style, clean dark outline of uniform weight, soft cel-shading.

Pure plain white background. No text, letters, numbers or logos anywhere. No purple, violet, lavender or lilac anywhere. No frame, border, badge, circle or colored backdrop behind the character, and no shadow on the ground."
"136","error_forbidden","error_forbidden.png","B","errors","دسترسی نداری","Same mascot as the reference image, identical design, colors and line style: chubby cream-white creature, orange curly hair with a heart-shaped curl on top, big glossy dark eyes, rose-pink cheeks, pink apron, makeup brush behind the ear.

Scene: Half-body behind a small rope barrier with a gold star pole, friendly apologetic face, hands showing 'not this way'.

Square 1:1 image, the character centered and filling about 80% of the frame with even empty margin on all sides. One clear pose and at most one or two props, with a bold simple silhouette that stays readable at 48×48 pixels.

Flat vector sticker style, clean dark outline of uniform weight, soft cel-shading.

Pure plain white background. No text, letters, numbers or logos anywhere. No purple, violet, lavender or lilac anywhere. No frame, border, badge, circle or colored backdrop behind the character, and no shadow on the ground."
"137","loading_1","loading_1.png","B","loading","لودینگ ۱","Same mascot as the reference image, identical design, colors and line style: chubby cream-white creature, orange curly hair with a heart-shaped curl on top, big glossy dark eyes, rose-pink cheeks, pink apron, makeup brush behind the ear.

Scene: Half-body, curl-heart bouncing down, brush mid-air starting a stroke, small motion arc left.

Square 1:1 image, the character centered and filling about 80% of the frame with even empty margin on all sides. One clear pose and at most one or two props, with a bold simple silhouette that stays readable at 48×48 pixels.

Flat vector sticker style, clean dark outline of uniform weight, soft cel-shading.

Pure plain white background. No text, letters, numbers or logos anywhere. No purple, violet, lavender or lilac anywhere. No frame, border, badge, circle or colored backdrop behind the character, and no shadow on the ground."
"138","loading_2","loading_2.png","B","loading","لودینگ ۲","Same mascot as the reference image, identical design, colors and line style: chubby cream-white creature, orange curly hair with a heart-shaped curl on top, big glossy dark eyes, rose-pink cheeks, pink apron, makeup brush behind the ear.

Scene: Same pose as loading_1 but brush mid-sweep in the center, curl tilted, a pink swish line trailing.

Square 1:1 image, the character centered and filling about 80% of the frame with even empty margin on all sides. One clear pose and at most one or two props, with a bold simple silhouette that stays readable at 48×48 pixels.

Flat vector sticker style, clean dark outline of uniform weight, soft cel-shading.

Pure plain white background. No text, letters, numbers or logos anywhere. No purple, violet, lavender or lilac anywhere. No frame, border, badge, circle or colored backdrop behind the character, and no shadow on the ground."
"139","loading_3","loading_3.png","B","loading","لودینگ ۳","Same mascot as the reference image, identical design, colors and line style: chubby cream-white creature, orange curly hair with a heart-shaped curl on top, big glossy dark eyes, rose-pink cheeks, pink apron, makeup brush behind the ear.

Scene: Same pose, brush finishing the stroke to the right, curl bouncing up, a sparkle at the end of the swish.

Square 1:1 image, the character centered and filling about 80% of the frame with even empty margin on all sides. One clear pose and at most one or two props, with a bold simple silhouette that stays readable at 48×48 pixels.

Flat vector sticker style, clean dark outline of uniform weight, soft cel-shading.

Pure plain white background. No text, letters, numbers or logos anywhere. No purple, violet, lavender or lilac anywhere. No frame, border, badge, circle or colored backdrop behind the character, and no shadow on the ground."
"140","uploading","uploading.png","B","loading","در حال آپلود","Same mascot as the reference image, identical design, colors and line style: chubby cream-white creature, orange curly hair with a heart-shaped curl on top, big glossy dark eyes, rose-pink cheeks, pink apron, makeup brush behind the ear.

Scene: Half-body holding a framed photo up toward a small cloud with an up arrow, sparkles flowing along the arrow.

Square 1:1 image, the character centered and filling about 80% of the frame with even empty margin on all sides. One clear pose and at most one or two props, with a bold simple silhouette that stays readable at 48×48 pixels.

Flat vector sticker style, clean dark outline of uniform weight, soft cel-shading.

Pure plain white background. No text, letters, numbers or logos anywhere. No purple, violet, lavender or lilac anywhere. No frame, border, badge, circle or colored backdrop behind the character, and no shadow on the ground."
"141","processing","processing.png","B","loading","در حال پردازش","Same mascot as the reference image, identical design, colors and line style: chubby cream-white creature, orange curly hair with a heart-shaped curl on top, big glossy dark eyes, rose-pink cheeks, pink apron, makeup brush behind the ear.

Scene: Half-body wearing a tiny chef-like cap-free cheerful face turning a small gear and a spoon over a bubbling pot with sparkles (cooking the result).

Square 1:1 image, the character centered and filling about 80% of the frame with even empty margin on all sides. One clear pose and at most one or two props, with a bold simple silhouette that stays readable at 48×48 pixels.

Flat vector sticker style, clean dark outline of uniform weight, soft cel-shading.

Pure plain white background. No text, letters, numbers or logos anywhere. No purple, violet, lavender or lilac anywhere. No frame, border, badge, circle or colored backdrop behind the character, and no shadow on the ground."
"142","role_client","role_client.png","B","roles","مشتری","Same mascot as the reference image, identical design, colors and line style: chubby cream-white creature, orange curly hair with a heart-shaped curl on top, big glossy dark eyes, rose-pink cheeks, pink apron, makeup brush behind the ear.

Scene: Half-body, stylish and excited, holding a smartphone showing a heart and a shopping-bag-free calendar, a small sparkling tote bag; no apron colour change but a light scarf.

Square 1:1 image, the character centered and filling about 80% of the frame with even empty margin on all sides. One clear pose and at most one or two props, with a bold simple silhouette that stays readable at 48×48 pixels.

Flat vector sticker style, clean dark outline of uniform weight, soft cel-shading.

Pure plain white background. No text, letters, numbers or logos anywhere. No purple, violet, lavender or lilac anywhere. No frame, border, badge, circle or colored backdrop behind the character, and no shadow on the ground."
"143","role_artist","role_artist.png","B","roles","آرتیست","Same mascot as the reference image, identical design, colors and line style: chubby cream-white creature, orange curly hair with a heart-shaped curl on top, big glossy dark eyes, rose-pink cheeks, pink apron, makeup brush behind the ear.

Scene: Half-body, brush and palette in hands, a beret-free cheerful expression, apron with colourful paint dots; sparkles.

Square 1:1 image, the character centered and filling about 80% of the frame with even empty margin on all sides. One clear pose and at most one or two props, with a bold simple silhouette that stays readable at 48×48 pixels.

Flat vector sticker style, clean dark outline of uniform weight, soft cel-shading.

Pure plain white background. No text, letters, numbers or logos anywhere. No purple, violet, lavender or lilac anywhere. No frame, border, badge, circle or colored backdrop behind the character, and no shadow on the ground."
"144","role_salon","role_salon.png","B","roles","سالن","Same mascot as the reference image, identical design, colors and line style: chubby cream-white creature, orange curly hair with a heart-shaped curl on top, big glossy dark eyes, rose-pink cheeks, pink apron, makeup brush behind the ear.

Scene: Full-body standing proudly in front of a small cute shopfront with an awning in pink and white stripes and a heart sign; hands on hips.

Square 1:1 image, the character centered and filling about 80% of the frame with even empty margin on all sides. One clear pose and at most one or two props, with a bold simple silhouette that stays readable at 48×48 pixels.

Flat vector sticker style, clean dark outline of uniform weight, soft cel-shading.

Pure plain white background. No text, letters, numbers or logos anywhere. No purple, violet, lavender or lilac anywhere. No frame, border, badge, circle or colored backdrop behind the character, and no shadow on the ground."
"145","invite_received","invite_received.png","B","roles","دعوت‌نامه","Same mascot as the reference image, identical design, colors and line style: chubby cream-white creature, orange curly hair with a heart-shaped curl on top, big glossy dark eyes, rose-pink cheeks, pink apron, makeup brush behind the ear.

Scene: Half-body opening a glowing envelope with a heart seal from which a paper note and sparkles rise; surprised delighted face.

Square 1:1 image, the character centered and filling about 80% of the frame with even empty margin on all sides. One clear pose and at most one or two props, with a bold simple silhouette that stays readable at 48×48 pixels.

Flat vector sticker style, clean dark outline of uniform weight, soft cel-shading.

Pure plain white background. No text, letters, numbers or logos anywhere. No purple, violet, lavender or lilac anywhere. No frame, border, badge, circle or colored backdrop behind the character, and no shadow on the ground."
"146","invite_sent","invite_sent.png","B","roles","دعوت فرستاده شد","Same mascot as the reference image, identical design, colors and line style: chubby cream-white creature, orange curly hair with a heart-shaped curl on top, big glossy dark eyes, rose-pink cheeks, pink apron, makeup brush behind the ear.

Scene: Half-body folding a paper plane with a heart on the wing and tossing it; a dotted flight trail with sparkles.

Square 1:1 image, the character centered and filling about 80% of the frame with even empty margin on all sides. One clear pose and at most one or two props, with a bold simple silhouette that stays readable at 48×48 pixels.

Flat vector sticker style, clean dark outline of uniform weight, soft cel-shading.

Pure plain white background. No text, letters, numbers or logos anywhere. No purple, violet, lavender or lilac anywhere. No frame, border, badge, circle or colored backdrop behind the character, and no shadow on the ground."
"147","team_join","team_join.png","B","roles","پیوستن به تیم","Same mascot as the reference image, identical design, colors and line style: chubby cream-white creature, orange curly hair with a heart-shaped curl on top, big glossy dark eyes, rose-pink cheeks, pink apron, makeup brush behind the ear.

Scene: Full-body shaking hands with a second smaller identical mascot silhouette-free partner (a second mascot in lighter palette), hearts above.

Square 1:1 image, the character centered and filling about 80% of the frame with even empty margin on all sides. One clear pose and at most one or two props, with a bold simple silhouette that stays readable at 48×48 pixels.

Flat vector sticker style, clean dark outline of uniform weight, soft cel-shading.

Pure plain white background. No text, letters, numbers or logos anywhere. No purple, violet, lavender or lilac anywhere. No frame, border, badge, circle or colored backdrop behind the character, and no shadow on the ground."
"148","team_leave","team_leave.png","B","roles","ترک تیم","Same mascot as the reference image, identical design, colors and line style: chubby cream-white creature, orange curly hair with a heart-shaped curl on top, big glossy dark eyes, rose-pink cheeks, pink apron, makeup brush behind the ear.

Scene: Full-body, gentle goodbye wave with a small bag over the shoulder walking toward a door; soft smile, a tiny heart left behind.

Square 1:1 image, the character centered and filling about 80% of the frame with even empty margin on all sides. One clear pose and at most one or two props, with a bold simple silhouette that stays readable at 48×48 pixels.

Flat vector sticker style, clean dark outline of uniform weight, soft cel-shading.

Pure plain white background. No text, letters, numbers or logos anywhere. No purple, violet, lavender or lilac anywhere. No frame, border, badge, circle or colored backdrop behind the character, and no shadow on the ground."
"149","qr_join","qr_join.png","B","roles","اسکن QR","Same mascot as the reference image, identical design, colors and line style: chubby cream-white creature, orange curly hair with a heart-shaped curl on top, big glossy dark eyes, rose-pink cheeks, pink apron, makeup brush behind the ear.

Scene: Half-body holding a phone toward a big abstract QR code (just a pattern of black and pink squares, no real code) with a scanning beam line and sparkles.

Square 1:1 image, the character centered and filling about 80% of the frame with even empty margin on all sides. One clear pose and at most one or two props, with a bold simple silhouette that stays readable at 48×48 pixels.

Flat vector sticker style, clean dark outline of uniform weight, soft cel-shading.

Pure plain white background. No text, letters, numbers or logos anywhere. No purple, violet, lavender or lilac anywhere. No frame, border, badge, circle or colored backdrop behind the character, and no shadow on the ground."
"150","collab_proposal","collab_proposal.png","B","roles","پیشنهاد همکاری","Same mascot as the reference image, identical design, colors and line style: chubby cream-white creature, orange curly hair with a heart-shaped curl on top, big glossy dark eyes, rose-pink cheeks, pink apron, makeup brush behind the ear.

Scene: Half-body holding a rolled certificate-like scroll tied with a pink ribbon and extending it forward with both hands; hopeful smile.

Square 1:1 image, the character centered and filling about 80% of the frame with even empty margin on all sides. One clear pose and at most one or two props, with a bold simple silhouette that stays readable at 48×48 pixels.

Flat vector sticker style, clean dark outline of uniform weight, soft cel-shading.

Pure plain white background. No text, letters, numbers or logos anywhere. No purple, violet, lavender or lilac anywhere. No frame, border, badge, circle or colored backdrop behind the character, and no shadow on the ground."
"151","revenue_share","revenue_share.png","B","roles","سهم همکاری","Same mascot as the reference image, identical design, colors and line style: chubby cream-white creature, orange curly hair with a heart-shaped curl on top, big glossy dark eyes, rose-pink cheeks, pink apron, makeup brush behind the ear.

Scene: Half-body holding a pie chart divided into a pink and a gold slice, pointing at the slice with a stick; a small coin sparkle.

Square 1:1 image, the character centered and filling about 80% of the frame with even empty margin on all sides. One clear pose and at most one or two props, with a bold simple silhouette that stays readable at 48×48 pixels.

Flat vector sticker style, clean dark outline of uniform weight, soft cel-shading.

Pure plain white background. No text, letters, numbers or logos anywhere. No purple, violet, lavender or lilac anywhere. No frame, border, badge, circle or colored backdrop behind the character, and no shadow on the ground."
"152","react_thanks","react_thanks.png","B","reactions","ممنون","Same mascot as the reference image, identical design, colors and line style: chubby cream-white creature, orange curly hair with a heart-shaped curl on top, big glossy dark eyes, rose-pink cheeks, pink apron, makeup brush behind the ear.

Scene: Head-and-shoulders, hands together at the chest, eyes closed, warm smile, small hearts.

Square 1:1 image, the character centered and filling about 80% of the frame with even empty margin on all sides. One clear pose and at most one or two props, with a bold simple silhouette that stays readable at 48×48 pixels.

Flat vector sticker style, clean dark outline of uniform weight, soft cel-shading.

Pure plain white background. No text, letters, numbers or logos anywhere. No purple, violet, lavender or lilac anywhere. No frame, border, badge, circle or colored backdrop behind the character, and no shadow on the ground."
"153","react_ok","react_ok.png","B","reactions","اوکی","Same mascot as the reference image, identical design, colors and line style: chubby cream-white creature, orange curly hair with a heart-shaped curl on top, big glossy dark eyes, rose-pink cheeks, pink apron, makeup brush behind the ear.

Scene: Head-and-shoulders, one hand making the OK circle sign next to its face, confident wink.

Square 1:1 image, the character centered and filling about 80% of the frame with even empty margin on all sides. One clear pose and at most one or two props, with a bold simple silhouette that stays readable at 48×48 pixels.

Flat vector sticker style, clean dark outline of uniform weight, soft cel-shading.

Pure plain white background. No text, letters, numbers or logos anywhere. No purple, violet, lavender or lilac anywhere. No frame, border, badge, circle or colored backdrop behind the character, and no shadow on the ground."
"154","react_laugh_tears","react_laugh_tears.png","B","reactions","خنده اشکی","Same mascot as the reference image, identical design, colors and line style: chubby cream-white creature, orange curly hair with a heart-shaped curl on top, big glossy dark eyes, rose-pink cheeks, pink apron, makeup brush behind the ear.

Scene: Head-and-shoulders, laughing with mouth wide, big blue tear drops flying from the eyes, holding its tummy.

Square 1:1 image, the character centered and filling about 80% of the frame with even empty margin on all sides. One clear pose and at most one or two props, with a bold simple silhouette that stays readable at 48×48 pixels.

Flat vector sticker style, clean dark outline of uniform weight, soft cel-shading.

Pure plain white background. No text, letters, numbers or logos anywhere. No purple, violet, lavender or lilac anywhere. No frame, border, badge, circle or colored backdrop behind the character, and no shadow on the ground."
"155","react_surprised","react_surprised.png","B","reactions","تعجب","Same mascot as the reference image, identical design, colors and line style: chubby cream-white creature, orange curly hair with a heart-shaped curl on top, big glossy dark eyes, rose-pink cheeks, pink apron, makeup brush behind the ear.

Scene: Head-and-shoulders, huge eyes and tiny open mouth, both hands on cheeks, small impact lines around the head.

Square 1:1 image, the character centered and filling about 80% of the frame with even empty margin on all sides. One clear pose and at most one or two props, with a bold simple silhouette that stays readable at 48×48 pixels.

Flat vector sticker style, clean dark outline of uniform weight, soft cel-shading.

Pure plain white background. No text, letters, numbers or logos anywhere. No purple, violet, lavender or lilac anywhere. No frame, border, badge, circle or colored backdrop behind the character, and no shadow on the ground."
"156","react_sleepy","react_sleepy.png","B","reactions","خواب‌آلود","Same mascot as the reference image, identical design, colors and line style: chubby cream-white creature, orange curly hair with a heart-shaped curl on top, big glossy dark eyes, rose-pink cheeks, pink apron, makeup brush behind the ear.

Scene: Head-and-shoulders, half-closed eyes, a yawn, a tiny sleeping cap on the curl, wavy z-curls floating.

Square 1:1 image, the character centered and filling about 80% of the frame with even empty margin on all sides. One clear pose and at most one or two props, with a bold simple silhouette that stays readable at 48×48 pixels.

Flat vector sticker style, clean dark outline of uniform weight, soft cel-shading.

Pure plain white background. No text, letters, numbers or logos anywhere. No purple, violet, lavender or lilac anywhere. No frame, border, badge, circle or colored backdrop behind the character, and no shadow on the ground."
"157","react_party","react_party.png","B","reactions","جشن","Same mascot as the reference image, identical design, colors and line style: chubby cream-white creature, orange curly hair with a heart-shaped curl on top, big glossy dark eyes, rose-pink cheeks, pink apron, makeup brush behind the ear.

Scene: Head-and-shoulders, mouth open in a cheer with a party hat, confetti raining.

Square 1:1 image, the character centered and filling about 80% of the frame with even empty margin on all sides. One clear pose and at most one or two props, with a bold simple silhouette that stays readable at 48×48 pixels.

Flat vector sticker style, clean dark outline of uniform weight, soft cel-shading.

Pure plain white background. No text, letters, numbers or logos anywhere. No purple, violet, lavender or lilac anywhere. No frame, border, badge, circle or colored backdrop behind the character, and no shadow on the ground."
"158","react_love","react_love.png","B","reactions","عاشق","Same mascot as the reference image, identical design, colors and line style: chubby cream-white creature, orange curly hair with a heart-shaped curl on top, big glossy dark eyes, rose-pink cheeks, pink apron, makeup brush behind the ear.

Scene: Head-and-shoulders, heart-shaped eyes, hands holding a big heart, tiny hearts floating.

Square 1:1 image, the character centered and filling about 80% of the frame with even empty margin on all sides. One clear pose and at most one or two props, with a bold simple silhouette that stays readable at 48×48 pixels.

Flat vector sticker style, clean dark outline of uniform weight, soft cel-shading.

Pure plain white background. No text, letters, numbers or logos anywhere. No purple, violet, lavender or lilac anywhere. No frame, border, badge, circle or colored backdrop behind the character, and no shadow on the ground."
"159","react_thumbs_up","react_thumbs_up.png","B","reactions","عالیه","Same mascot as the reference image, identical design, colors and line style: chubby cream-white creature, orange curly hair with a heart-shaped curl on top, big glossy dark eyes, rose-pink cheeks, pink apron, makeup brush behind the ear.

Scene: Head-and-shoulders, big grin, strong thumbs-up, a star glint on the thumb.

Square 1:1 image, the character centered and filling about 80% of the frame with even empty margin on all sides. One clear pose and at most one or two props, with a bold simple silhouette that stays readable at 48×48 pixels.

Flat vector sticker style, clean dark outline of uniform weight, soft cel-shading.

Pure plain white background. No text, letters, numbers or logos anywhere. No purple, violet, lavender or lilac anywhere. No frame, border, badge, circle or colored backdrop behind the character, and no shadow on the ground."
"160","react_thinking","react_thinking.png","B","reactions","فکر کردن","Same mascot as the reference image, identical design, colors and line style: chubby cream-white creature, orange curly hair with a heart-shaped curl on top, big glossy dark eyes, rose-pink cheeks, pink apron, makeup brush behind the ear.

Scene: Head-and-shoulders, hand on chin, looking up with a thinking bubble made of three growing circles and a sparkle.

Square 1:1 image, the character centered and filling about 80% of the frame with even empty margin on all sides. One clear pose and at most one or two props, with a bold simple silhouette that stays readable at 48×48 pixels.

Flat vector sticker style, clean dark outline of uniform weight, soft cel-shading.

Pure plain white background. No text, letters, numbers or logos anywhere. No purple, violet, lavender or lilac anywhere. No frame, border, badge, circle or colored backdrop behind the character, and no shadow on the ground."
"161","react_shy","react_shy.png","B","reactions","خجالتی","Same mascot as the reference image, identical design, colors and line style: chubby cream-white creature, orange curly hair with a heart-shaped curl on top, big glossy dark eyes, rose-pink cheeks, pink apron, makeup brush behind the ear.

Scene: Head-and-shoulders, big blush, covering half the face with both hands and peeking through fingers.

Square 1:1 image, the character centered and filling about 80% of the frame with even empty margin on all sides. One clear pose and at most one or two props, with a bold simple silhouette that stays readable at 48×48 pixels.

Flat vector sticker style, clean dark outline of uniform weight, soft cel-shading.

Pure plain white background. No text, letters, numbers or logos anywhere. No purple, violet, lavender or lilac anywhere. No frame, border, badge, circle or colored backdrop behind the character, and no shadow on the ground."
"162","react_sad","react_sad.png","B","reactions","ناراحت","Same mascot as the reference image, identical design, colors and line style: chubby cream-white creature, orange curly hair with a heart-shaped curl on top, big glossy dark eyes, rose-pink cheeks, pink apron, makeup brush behind the ear.

Scene: Head-and-shoulders, teary shiny eyes, wobbly mouth, one tear, a little rain cloud above the curl.

Square 1:1 image, the character centered and filling about 80% of the frame with even empty margin on all sides. One clear pose and at most one or two props, with a bold simple silhouette that stays readable at 48×48 pixels.

Flat vector sticker style, clean dark outline of uniform weight, soft cel-shading.

Pure plain white background. No text, letters, numbers or logos anywhere. No purple, violet, lavender or lilac anywhere. No frame, border, badge, circle or colored backdrop behind the character, and no shadow on the ground."
"163","react_wow_fire","react_wow_fire.png","B","reactions","آتیش","Same mascot as the reference image, identical design, colors and line style: chubby cream-white creature, orange curly hair with a heart-shaped curl on top, big glossy dark eyes, rose-pink cheeks, pink apron, makeup brush behind the ear.

Scene: Head-and-shoulders, confident cool face with sunglasses, small flames of warm orange around the shoulders, sparkles.

Square 1:1 image, the character centered and filling about 80% of the frame with even empty margin on all sides. One clear pose and at most one or two props, with a bold simple silhouette that stays readable at 48×48 pixels.

Flat vector sticker style, clean dark outline of uniform weight, soft cel-shading.

Pure plain white background. No text, letters, numbers or logos anywhere. No purple, violet, lavender or lilac anywhere. No frame, border, badge, circle or colored backdrop behind the character, and no shadow on the ground."
"164","brand_icon","brand_icon.png","B","brand","آیکن اپ","Same mascot as the reference image, identical design, colors and line style: chubby cream-white creature, orange curly hair with a heart-shaped curl on top, big glossy dark eyes, rose-pink cheeks, pink apron, makeup brush behind the ear.

Scene: Head only, perfectly centered, larger, cheerful face with the heart-curl, brush behind the ear; a clean silhouette so it stays clear at 48px; no body.

Square 1:1 image, the character centered and filling about 80% of the frame with even empty margin on all sides. One clear pose and at most one or two props, with a bold simple silhouette that stays readable at 48×48 pixels.

Flat vector sticker style, clean dark outline of uniform weight, soft cel-shading.

Pure plain white background. No text, letters, numbers or logos anywhere. No purple, violet, lavender or lilac anywhere. No frame, border, badge, circle or colored backdrop behind the character, and no shadow on the ground."
"165","brand_hero","brand_hero.png","B","brand","هیرو صفحه اول","Same mascot as the reference image, identical design, colors and line style: chubby cream-white creature, orange curly hair with a heart-shaped curl on top, big glossy dark eyes, rose-pink cheeks, pink apron, makeup brush behind the ear.

Scene: Full-body, waving hello with a welcoming open smile, standing at the center, a few floating beauty props (scissors, lipstick, hair dryer, nail polish, mirror) drawn small orbiting around with sparkles. Square 1:1.

Square 1:1 image, the character centered and filling about 80% of the frame with even empty margin on all sides. One clear pose and at most one or two props, with a bold simple silhouette that stays readable at 48×48 pixels.

Flat vector sticker style, clean dark outline of uniform weight, soft cel-shading.

Pure plain white background. No text, letters, numbers or logos anywhere. No purple, violet, lavender or lilac anywhere. No frame, border, badge, circle or colored backdrop behind the character, and no shadow on the ground."
"166","brand_welcome","brand_welcome.png","B","brand","خوش‌آمدی","Same mascot as the reference image, identical design, colors and line style: chubby cream-white creature, orange curly hair with a heart-shaped curl on top, big glossy dark eyes, rose-pink cheeks, pink apron, makeup brush behind the ear.

Scene: Full-body holding a small welcome banner-free sign shaped like a heart and a bouquet; bowing slightly with hearts around.

Square 1:1 image, the character centered and filling about 80% of the frame with even empty margin on all sides. One clear pose and at most one or two props, with a bold simple silhouette that stays readable at 48×48 pixels.

Flat vector sticker style, clean dark outline of uniform weight, soft cel-shading.

Pure plain white background. No text, letters, numbers or logos anywhere. No purple, violet, lavender or lilac anywhere. No frame, border, badge, circle or colored backdrop behind the character, and no shadow on the ground."
"167","brand_splash","brand_splash.png","B","brand","اسپلش","Same mascot as the reference image, identical design, colors and line style: chubby cream-white creature, orange curly hair with a heart-shaped curl on top, big glossy dark eyes, rose-pink cheeks, pink apron, makeup brush behind the ear.

Scene: Full-body mid-jump with arms up and a trail of sparkles forming a circle, joyful closed-eye grin.

Square 1:1 image, the character centered and filling about 80% of the frame with even empty margin on all sides. One clear pose and at most one or two props, with a bold simple silhouette that stays readable at 48×48 pixels.

Flat vector sticker style, clean dark outline of uniform weight, soft cel-shading.

Pure plain white background. No text, letters, numbers or logos anywhere. No purple, violet, lavender or lilac anywhere. No frame, border, badge, circle or colored backdrop behind the character, and no shadow on the ground."
"168","brand_404_hair","brand_404_hair.png","B","brand","تصویر پشت لودینگ برند","Same mascot as the reference image, identical design, colors and line style: chubby cream-white creature, orange curly hair with a heart-shaped curl on top, big glossy dark eyes, rose-pink cheeks, pink apron, makeup brush behind the ear.

Scene: Half-body, brush painting a pink heart in the air; the heart glows.

Square 1:1 image, the character centered and filling about 80% of the frame with even empty margin on all sides. One clear pose and at most one or two props, with a bold simple silhouette that stays readable at 48×48 pixels.

Flat vector sticker style, clean dark outline of uniform weight, soft cel-shading.

Pure plain white background. No text, letters, numbers or logos anywhere. No purple, violet, lavender or lilac anywhere. No frame, border, badge, circle or colored backdrop behind the character, and no shadow on the ground."
